,Occurence Year,Occurence Month,Occurence Date,Crime Count
121,2016,January,2016-01-01,161
122,2016,January,2016-01-02,66
123,2016,January,2016-01-03,64
124,2016,January,2016-01-04,53
125,2016,January,2016-01-05,72
126,2016,January,2016-01-06,69
127,2016,January,2016-01-07,61
128,2016,January,2016-01-08,78
129,2016,January,2016-01-09,72
130,2016,January,2016-01-10,69
131,2016,January,2016-01-11,75
132,2016,January,2016-01-12,54
133,2016,January,2016-01-13,60
134,2016,January,2016-01-14,74
135,2016,January,2016-01-15,93
136,2016,January,2016-01-16,71
137,2016,January,2016-01-17,81
138,2016,January,2016-01-18,77
139,2016,January,2016-01-19,63
140,2016,January,2016-01-20,80
141,2016,January,2016-01-21,66
142,2016,January,2016-01-22,71
143,2016,January,2016-01-23,67
144,2016,January,2016-01-24,87
145,2016,January,2016-01-25,88
146,2016,January,2016-01-26,79
147,2016,January,2016-01-27,69
148,2016,January,2016-01-28,68
149,2016,January,2016-01-29,67
150,2016,January,2016-01-30,78
151,2016,January,2016-01-31,59
92,2016,February,2016-02-01,95
93,2016,February,2016-02-02,71
94,2016,February,2016-02-03,74
95,2016,February,2016-02-04,76
96,2016,February,2016-02-05,66
97,2016,February,2016-02-06,75
98,2016,February,2016-02-07,77
99,2016,February,2016-02-08,79
100,2016,February,2016-02-09,70
101,2016,February,2016-02-10,71
102,2016,February,2016-02-11,73
103,2016,February,2016-02-12,72
104,2016,February,2016-02-13,77
105,2016,February,2016-02-14,63
106,2016,February,2016-02-15,68
107,2016,February,2016-02-16,70
108,2016,February,2016-02-17,58
109,2016,February,2016-02-18,90
110,2016,February,2016-02-19,94
111,2016,February,2016-02-20,101
112,2016,February,2016-02-21,83
113,2016,February,2016-02-22,71
114,2016,February,2016-02-23,79
115,2016,February,2016-02-24,58
116,2016,February,2016-02-25,69
117,2016,February,2016-02-26,73
118,2016,February,2016-02-27,77
119,2016,February,2016-02-28,64
120,2016,February,2016-02-29,76
213,2016,March,2016-03-01,91
214,2016,March,2016-03-02,63
215,2016,March,2016-03-03,67
216,2016,March,2016-03-04,71
217,2016,March,2016-03-05,84
218,2016,March,2016-03-06,76
219,2016,March,2016-03-07,73
220,2016,March,2016-03-08,66
221,2016,March,2016-03-09,84
222,2016,March,2016-03-10,76
223,2016,March,2016-03-11,74
224,2016,March,2016-03-12,81
225,2016,March,2016-03-13,72
226,2016,March,2016-03-14,72
227,2016,March,2016-03-15,79
228,2016,March,2016-03-16,79
229,2016,March,2016-03-17,78
230,2016,March,2016-03-18,88
231,2016,March,2016-03-19,66
232,2016,March,2016-03-20,74
233,2016,March,2016-03-21,68
234,2016,March,2016-03-22,78
235,2016,March,2016-03-23,73
236,2016,March,2016-03-24,63
237,2016,March,2016-03-25,65
238,2016,March,2016-03-26,79
239,2016,March,2016-03-27,81
240,2016,March,2016-03-28,55
241,2016,March,2016-03-29,73
242,2016,March,2016-03-30,62
243,2016,March,2016-03-31,64
0,2016,April,2016-04-01,107
1,2016,April,2016-04-02,75
2,2016,April,2016-04-03,57
3,2016,April,2016-04-04,69
4,2016,April,2016-04-05,63
5,2016,April,2016-04-06,74
6,2016,April,2016-04-07,72
7,2016,April,2016-04-08,86
8,2016,April,2016-04-09,64
9,2016,April,2016-04-10,71
10,2016,April,2016-04-11,84
11,2016,April,2016-04-12,72
12,2016,April,2016-04-13,71
13,2016,April,2016-04-14,79
14,2016,April,2016-04-15,85
15,2016,April,2016-04-16,79
16,2016,April,2016-04-17,80
17,2016,April,2016-04-18,79
18,2016,April,2016-04-19,90
19,2016,April,2016-04-20,93
20,2016,April,2016-04-21,85
21,2016,April,2016-04-22,88
22,2016,April,2016-04-23,77
23,2016,April,2016-04-24,77
24,2016,April,2016-04-25,82
25,2016,April,2016-04-26,58
26,2016,April,2016-04-27,67
27,2016,April,2016-04-28,72
28,2016,April,2016-04-29,80
29,2016,April,2016-04-30,86
244,2016,May,2016-05-01,106
245,2016,May,2016-05-02,77
246,2016,May,2016-05-03,67
247,2016,May,2016-05-04,70
248,2016,May,2016-05-05,66
249,2016,May,2016-05-06,85
250,2016,May,2016-05-07,80
251,2016,May,2016-05-08,93
252,2016,May,2016-05-09,64
253,2016,May,2016-05-10,62
254,2016,May,2016-05-11,92
255,2016,May,2016-05-12,88
256,2016,May,2016-05-13,83
257,2016,May,2016-05-14,68
258,2016,May,2016-05-15,72
259,2016,May,2016-05-16,79
260,2016,May,2016-05-17,73
261,2016,May,2016-05-18,78
262,2016,May,2016-05-19,77
263,2016,May,2016-05-20,94
264,2016,May,2016-05-21,79
265,2016,May,2016-05-22,100
266,2016,May,2016-05-23,72
267,2016,May,2016-05-24,66
268,2016,May,2016-05-25,74
269,2016,May,2016-05-26,77
270,2016,May,2016-05-27,76
271,2016,May,2016-05-28,79
272,2016,May,2016-05-29,101
273,2016,May,2016-05-30,68
274,2016,May,2016-05-31,86
183,2016,June,2016-06-01,122
184,2016,June,2016-06-02,83
185,2016,June,2016-06-03,99
186,2016,June,2016-06-04,88
187,2016,June,2016-06-05,85
188,2016,June,2016-06-06,83
189,2016,June,2016-06-07,53
190,2016,June,2016-06-08,71
191,2016,June,2016-06-09,81
192,2016,June,2016-06-10,90
193,2016,June,2016-06-11,67
194,2016,June,2016-06-12,74
195,2016,June,2016-06-13,97
196,2016,June,2016-06-14,68
197,2016,June,2016-06-15,86
198,2016,June,2016-06-16,72
199,2016,June,2016-06-17,78
200,2016,June,2016-06-18,84
201,2016,June,2016-06-19,90
202,2016,June,2016-06-20,90
203,2016,June,2016-06-21,97
204,2016,June,2016-06-22,74
205,2016,June,2016-06-23,79
206,2016,June,2016-06-24,66
207,2016,June,2016-06-25,94
208,2016,June,2016-06-26,96
209,2016,June,2016-06-27,94
210,2016,June,2016-06-28,78
211,2016,June,2016-06-29,68
212,2016,June,2016-06-30,85
152,2016,July,2016-07-01,112
153,2016,July,2016-07-02,81
154,2016,July,2016-07-03,83
155,2016,July,2016-07-04,78
156,2016,July,2016-07-05,76
157,2016,July,2016-07-06,82
158,2016,July,2016-07-07,91
159,2016,July,2016-07-08,82
160,2016,July,2016-07-09,79
161,2016,July,2016-07-10,91
162,2016,July,2016-07-11,69
163,2016,July,2016-07-12,75
164,2016,July,2016-07-13,74
165,2016,July,2016-07-14,90
166,2016,July,2016-07-15,84
167,2016,July,2016-07-16,82
168,2016,July,2016-07-17,80
169,2016,July,2016-07-18,84
170,2016,July,2016-07-19,72
171,2016,July,2016-07-20,66
172,2016,July,2016-07-21,66
173,2016,July,2016-07-22,83
174,2016,July,2016-07-23,88
175,2016,July,2016-07-24,85
176,2016,July,2016-07-25,73
177,2016,July,2016-07-26,97
178,2016,July,2016-07-27,68
179,2016,July,2016-07-28,77
180,2016,July,2016-07-29,88
181,2016,July,2016-07-30,83
182,2016,July,2016-07-31,75
30,2016,August,2016-08-01,96
31,2016,August,2016-08-02,60
32,2016,August,2016-08-03,69
33,2016,August,2016-08-04,85
34,2016,August,2016-08-05,81
35,2016,August,2016-08-06,82
36,2016,August,2016-08-07,81
37,2016,August,2016-08-08,66
38,2016,August,2016-08-09,63
39,2016,August,2016-08-10,64
40,2016,August,2016-08-11,90
41,2016,August,2016-08-12,99
42,2016,August,2016-08-13,78
43,2016,August,2016-08-14,78
44,2016,August,2016-08-15,72
45,2016,August,2016-08-16,77
46,2016,August,2016-08-17,84
47,2016,August,2016-08-18,69
48,2016,August,2016-08-19,74
49,2016,August,2016-08-20,80
50,2016,August,2016-08-21,69
51,2016,August,2016-08-22,62
52,2016,August,2016-08-23,71
53,2016,August,2016-08-24,54
54,2016,August,2016-08-25,83
55,2016,August,2016-08-26,77
56,2016,August,2016-08-27,95
57,2016,August,2016-08-28,75
58,2016,August,2016-08-29,63
59,2016,August,2016-08-30,62
60,2016,August,2016-08-31,62
336,2016,September,2016-09-01,105
337,2016,September,2016-09-02,80
338,2016,September,2016-09-03,89
339,2016,September,2016-09-04,86
340,2016,September,2016-09-05,91
341,2016,September,2016-09-06,81
342,2016,September,2016-09-07,67
343,2016,September,2016-09-08,75
344,2016,September,2016-09-09,81
345,2016,September,2016-09-10,96
346,2016,September,2016-09-11,74
347,2016,September,2016-09-12,81
348,2016,September,2016-09-13,82
349,2016,September,2016-09-14,78
350,2016,September,2016-09-15,91
351,2016,September,2016-09-16,63
352,2016,September,2016-09-17,95
353,2016,September,2016-09-18,94
354,2016,September,2016-09-19,88
355,2016,September,2016-09-20,70
356,2016,September,2016-09-21,79
357,2016,September,2016-09-22,78
358,2016,September,2016-09-23,71
359,2016,September,2016-09-24,81
360,2016,September,2016-09-25,80
361,2016,September,2016-09-26,73
362,2016,September,2016-09-27,72
363,2016,September,2016-09-28,83
364,2016,September,2016-09-29,70
365,2016,September,2016-09-30,81
305,2016,October,2016-10-01,108
306,2016,October,2016-10-02,77
307,2016,October,2016-10-03,83
308,2016,October,2016-10-04,68
309,2016,October,2016-10-05,82
310,2016,October,2016-10-06,74
311,2016,October,2016-10-07,71
312,2016,October,2016-10-08,71
313,2016,October,2016-10-09,89
314,2016,October,2016-10-10,65
315,2016,October,2016-10-11,66
316,2016,October,2016-10-12,77
317,2016,October,2016-10-13,85
318,2016,October,2016-10-14,89
319,2016,October,2016-10-15,106
320,2016,October,2016-10-16,75
321,2016,October,2016-10-17,80
322,2016,October,2016-10-18,78
323,2016,October,2016-10-19,84
324,2016,October,2016-10-20,100
325,2016,October,2016-10-21,77
326,2016,October,2016-10-22,94
327,2016,October,2016-10-23,78
328,2016,October,2016-10-24,79
329,2016,October,2016-10-25,86
330,2016,October,2016-10-26,75
331,2016,October,2016-10-27,74
332,2016,October,2016-10-28,72
333,2016,October,2016-10-29,86
334,2016,October,2016-10-30,88
335,2016,October,2016-10-31,96
275,2016,November,2016-11-01,91
276,2016,November,2016-11-02,93
277,2016,November,2016-11-03,69
278,2016,November,2016-11-04,95
279,2016,November,2016-11-05,83
280,2016,November,2016-11-06,81
281,2016,November,2016-11-07,72
282,2016,November,2016-11-08,66
283,2016,November,2016-11-09,69
284,2016,November,2016-11-10,87
285,2016,November,2016-11-11,81
286,2016,November,2016-11-12,86
287,2016,November,2016-11-13,74
288,2016,November,2016-11-14,81
289,2016,November,2016-11-15,70
290,2016,November,2016-11-16,83
291,2016,November,2016-11-17,84
292,2016,November,2016-11-18,97
293,2016,November,2016-11-19,82
294,2016,November,2016-11-20,79
295,2016,November,2016-11-21,71
296,2016,November,2016-11-22,87
297,2016,November,2016-11-23,88
298,2016,November,2016-11-24,78
299,2016,November,2016-11-25,95
300,2016,November,2016-11-26,90
301,2016,November,2016-11-27,75
302,2016,November,2016-11-28,87
303,2016,November,2016-11-29,72
304,2016,November,2016-11-30,83
61,2016,December,2016-12-01,99
62,2016,December,2016-12-02,72
63,2016,December,2016-12-03,100
64,2016,December,2016-12-04,84
65,2016,December,2016-12-05,61
66,2016,December,2016-12-06,61
67,2016,December,2016-12-07,76
68,2016,December,2016-12-08,89
69,2016,December,2016-12-09,89
70,2016,December,2016-12-10,72
71,2016,December,2016-12-11,75
72,2016,December,2016-12-12,75
73,2016,December,2016-12-13,53
74,2016,December,2016-12-14,71
75,2016,December,2016-12-15,75
76,2016,December,2016-12-16,70
77,2016,December,2016-12-17,77
78,2016,December,2016-12-18,91
79,2016,December,2016-12-19,69
80,2016,December,2016-12-20,66
81,2016,December,2016-12-21,60
82,2016,December,2016-12-22,79
83,2016,December,2016-12-23,93
84,2016,December,2016-12-24,87
85,2016,December,2016-12-25,52
86,2016,December,2016-12-26,57
87,2016,December,2016-12-27,69
88,2016,December,2016-12-28,59
89,2016,December,2016-12-29,65
90,2016,December,2016-12-30,76
91,2016,December,2016-12-31,82
486,2017,January,2017-01-01,186
487,2017,January,2017-01-02,52
488,2017,January,2017-01-03,64
489,2017,January,2017-01-04,58
490,2017,January,2017-01-05,54
491,2017,January,2017-01-06,66
492,2017,January,2017-01-07,66
493,2017,January,2017-01-08,62
494,2017,January,2017-01-09,66
495,2017,January,2017-01-10,64
496,2017,January,2017-01-11,66
497,2017,January,2017-01-12,81
498,2017,January,2017-01-13,74
499,2017,January,2017-01-14,69
500,2017,January,2017-01-15,63
501,2017,January,2017-01-16,70
502,2017,January,2017-01-17,56
503,2017,January,2017-01-18,83
504,2017,January,2017-01-19,77
505,2017,January,2017-01-20,85
506,2017,January,2017-01-21,81
507,2017,January,2017-01-22,84
508,2017,January,2017-01-23,90
509,2017,January,2017-01-24,73
510,2017,January,2017-01-25,75
511,2017,January,2017-01-26,68
512,2017,January,2017-01-27,86
513,2017,January,2017-01-28,72
514,2017,January,2017-01-29,71
515,2017,January,2017-01-30,81
516,2017,January,2017-01-31,92
458,2017,February,2017-02-01,113
459,2017,February,2017-02-02,78
460,2017,February,2017-02-03,77
461,2017,February,2017-02-04,76
462,2017,February,2017-02-05,69
463,2017,February,2017-02-06,82
464,2017,February,2017-02-07,65
465,2017,February,2017-02-08,83
466,2017,February,2017-02-09,50
467,2017,February,2017-02-10,65
468,2017,February,2017-02-11,71
469,2017,February,2017-02-12,68
470,2017,February,2017-02-13,65
471,2017,February,2017-02-14,105
472,2017,February,2017-02-15,72
473,2017,February,2017-02-16,70
474,2017,February,2017-02-17,78
475,2017,February,2017-02-18,77
476,2017,February,2017-02-19,81
477,2017,February,2017-02-20,66
478,2017,February,2017-02-21,64
479,2017,February,2017-02-22,81
480,2017,February,2017-02-23,67
481,2017,February,2017-02-24,94
482,2017,February,2017-02-25,77
483,2017,February,2017-02-26,61
484,2017,February,2017-02-27,83
485,2017,February,2017-02-28,77
578,2017,March,2017-03-01,119
579,2017,March,2017-03-02,87
580,2017,March,2017-03-03,76
581,2017,March,2017-03-04,67
582,2017,March,2017-03-05,68
583,2017,March,2017-03-06,82
584,2017,March,2017-03-07,57
585,2017,March,2017-03-08,67
586,2017,March,2017-03-09,73
587,2017,March,2017-03-10,85
588,2017,March,2017-03-11,66
589,2017,March,2017-03-12,68
590,2017,March,2017-03-13,71
591,2017,March,2017-03-14,55
592,2017,March,2017-03-15,58
593,2017,March,2017-03-16,59
594,2017,March,2017-03-17,85
595,2017,March,2017-03-18,90
596,2017,March,2017-03-19,77
597,2017,March,2017-03-20,67
598,2017,March,2017-03-21,84
599,2017,March,2017-03-22,76
600,2017,March,2017-03-23,74
601,2017,March,2017-03-24,90
602,2017,March,2017-03-25,81
603,2017,March,2017-03-26,73
604,2017,March,2017-03-27,78
605,2017,March,2017-03-28,82
606,2017,March,2017-03-29,67
607,2017,March,2017-03-30,68
608,2017,March,2017-03-31,71
366,2017,April,2017-04-01,115
367,2017,April,2017-04-02,83
368,2017,April,2017-04-03,72
369,2017,April,2017-04-04,47
370,2017,April,2017-04-05,82
371,2017,April,2017-04-06,64
372,2017,April,2017-04-07,87
373,2017,April,2017-04-08,86
374,2017,April,2017-04-09,99
375,2017,April,2017-04-10,67
376,2017,April,2017-04-11,76
377,2017,April,2017-04-12,76
378,2017,April,2017-04-13,85
379,2017,April,2017-04-14,74
380,2017,April,2017-04-15,88
381,2017,April,2017-04-16,87
382,2017,April,2017-04-17,63
383,2017,April,2017-04-18,74
384,2017,April,2017-04-19,96
385,2017,April,2017-04-20,83
386,2017,April,2017-04-21,77
387,2017,April,2017-04-22,93
388,2017,April,2017-04-23,86
389,2017,April,2017-04-24,79
390,2017,April,2017-04-25,82
391,2017,April,2017-04-26,88
392,2017,April,2017-04-27,63
393,2017,April,2017-04-28,104
394,2017,April,2017-04-29,105
395,2017,April,2017-04-30,90
609,2017,May,2017-05-01,99
610,2017,May,2017-05-02,81
611,2017,May,2017-05-03,69
612,2017,May,2017-05-04,71
613,2017,May,2017-05-05,84
614,2017,May,2017-05-06,76
615,2017,May,2017-05-07,84
616,2017,May,2017-05-08,64
617,2017,May,2017-05-09,62
618,2017,May,2017-05-10,75
619,2017,May,2017-05-11,82
620,2017,May,2017-05-12,79
621,2017,May,2017-05-13,77
622,2017,May,2017-05-14,93
623,2017,May,2017-05-15,74
624,2017,May,2017-05-16,79
625,2017,May,2017-05-17,78
626,2017,May,2017-05-18,108
627,2017,May,2017-05-19,86
628,2017,May,2017-05-20,99
629,2017,May,2017-05-21,79
630,2017,May,2017-05-22,74
631,2017,May,2017-05-23,92
632,2017,May,2017-05-24,84
633,2017,May,2017-05-25,64
634,2017,May,2017-05-26,77
635,2017,May,2017-05-27,70
636,2017,May,2017-05-28,99
637,2017,May,2017-05-29,80
638,2017,May,2017-05-30,67
639,2017,May,2017-05-31,77
548,2017,June,2017-06-01,123
549,2017,June,2017-06-02,97
550,2017,June,2017-06-03,78
551,2017,June,2017-06-04,78
552,2017,June,2017-06-05,70
553,2017,June,2017-06-06,76
554,2017,June,2017-06-07,64
555,2017,June,2017-06-08,91
556,2017,June,2017-06-09,96
557,2017,June,2017-06-10,89
558,2017,June,2017-06-11,84
559,2017,June,2017-06-12,83
560,2017,June,2017-06-13,70
561,2017,June,2017-06-14,74
562,2017,June,2017-06-15,93
563,2017,June,2017-06-16,92
564,2017,June,2017-06-17,100
565,2017,June,2017-06-18,89
566,2017,June,2017-06-19,79
567,2017,June,2017-06-20,87
568,2017,June,2017-06-21,69
569,2017,June,2017-06-22,85
570,2017,June,2017-06-23,80
571,2017,June,2017-06-24,81
572,2017,June,2017-06-25,98
573,2017,June,2017-06-26,75
574,2017,June,2017-06-27,73
575,2017,June,2017-06-28,85
576,2017,June,2017-06-29,70
577,2017,June,2017-06-30,93
517,2017,July,2017-07-01,131
518,2017,July,2017-07-02,104
519,2017,July,2017-07-03,81
520,2017,July,2017-07-04,70
521,2017,July,2017-07-05,77
522,2017,July,2017-07-06,75
523,2017,July,2017-07-07,102
524,2017,July,2017-07-08,85
525,2017,July,2017-07-09,86
526,2017,July,2017-07-10,76
527,2017,July,2017-07-11,74
528,2017,July,2017-07-12,82
529,2017,July,2017-07-13,92
530,2017,July,2017-07-14,89
531,2017,July,2017-07-15,103
532,2017,July,2017-07-16,96
533,2017,July,2017-07-17,78
534,2017,July,2017-07-18,92
535,2017,July,2017-07-19,72
536,2017,July,2017-07-20,79
537,2017,July,2017-07-21,83
538,2017,July,2017-07-22,104
539,2017,July,2017-07-23,104
540,2017,July,2017-07-24,94
541,2017,July,2017-07-25,92
542,2017,July,2017-07-26,99
543,2017,July,2017-07-27,92
544,2017,July,2017-07-28,82
545,2017,July,2017-07-29,93
546,2017,July,2017-07-30,102
547,2017,July,2017-07-31,89
396,2017,August,2017-08-01,106
397,2017,August,2017-08-02,89
398,2017,August,2017-08-03,71
399,2017,August,2017-08-04,86
400,2017,August,2017-08-05,112
401,2017,August,2017-08-06,73
402,2017,August,2017-08-07,69
403,2017,August,2017-08-08,72
404,2017,August,2017-08-09,70
405,2017,August,2017-08-10,83
406,2017,August,2017-08-11,96
407,2017,August,2017-08-12,64
408,2017,August,2017-08-13,102
409,2017,August,2017-08-14,102
410,2017,August,2017-08-15,82
411,2017,August,2017-08-16,84
412,2017,August,2017-08-17,80
413,2017,August,2017-08-18,75
414,2017,August,2017-08-19,97
415,2017,August,2017-08-20,96
416,2017,August,2017-08-21,90
417,2017,August,2017-08-22,97
418,2017,August,2017-08-23,77
419,2017,August,2017-08-24,92
420,2017,August,2017-08-25,88
421,2017,August,2017-08-26,73
422,2017,August,2017-08-27,83
423,2017,August,2017-08-28,79
424,2017,August,2017-08-29,82
425,2017,August,2017-08-30,66
426,2017,August,2017-08-31,79
701,2017,September,2017-09-01,142
702,2017,September,2017-09-02,82
703,2017,September,2017-09-03,94
704,2017,September,2017-09-04,73
705,2017,September,2017-09-05,81
706,2017,September,2017-09-06,68
707,2017,September,2017-09-07,91
708,2017,September,2017-09-08,83
709,2017,September,2017-09-09,92
710,2017,September,2017-09-10,81
711,2017,September,2017-09-11,65
712,2017,September,2017-09-12,70
713,2017,September,2017-09-13,78
714,2017,September,2017-09-14,86
715,2017,September,2017-09-15,96
716,2017,September,2017-09-16,102
717,2017,September,2017-09-17,89
718,2017,September,2017-09-18,82
719,2017,September,2017-09-19,78
720,2017,September,2017-09-20,88
721,2017,September,2017-09-21,88
722,2017,September,2017-09-22,99
723,2017,September,2017-09-23,85
724,2017,September,2017-09-24,87
725,2017,September,2017-09-25,78
726,2017,September,2017-09-26,81
727,2017,September,2017-09-27,91
728,2017,September,2017-09-28,74
729,2017,September,2017-09-29,73
730,2017,September,2017-09-30,88
670,2017,October,2017-10-01,103
671,2017,October,2017-10-02,92
672,2017,October,2017-10-03,81
673,2017,October,2017-10-04,69
674,2017,October,2017-10-05,77
675,2017,October,2017-10-06,78
676,2017,October,2017-10-07,90
677,2017,October,2017-10-08,78
678,2017,October,2017-10-09,73
679,2017,October,2017-10-10,88
680,2017,October,2017-10-11,87
681,2017,October,2017-10-12,73
682,2017,October,2017-10-13,93
683,2017,October,2017-10-14,101
684,2017,October,2017-10-15,73
685,2017,October,2017-10-16,89
686,2017,October,2017-10-17,79
687,2017,October,2017-10-18,88
688,2017,October,2017-10-19,81
689,2017,October,2017-10-20,111
690,2017,October,2017-10-21,82
691,2017,October,2017-10-22,79
692,2017,October,2017-10-23,83
693,2017,October,2017-10-24,91
694,2017,October,2017-10-25,87
695,2017,October,2017-10-26,79
696,2017,October,2017-10-27,113
697,2017,October,2017-10-28,79
698,2017,October,2017-10-29,88
699,2017,October,2017-10-30,82
700,2017,October,2017-10-31,108
640,2017,November,2017-11-01,129
641,2017,November,2017-11-02,91
642,2017,November,2017-11-03,95
643,2017,November,2017-11-04,88
644,2017,November,2017-11-05,85
645,2017,November,2017-11-06,85
646,2017,November,2017-11-07,82
647,2017,November,2017-11-08,77
648,2017,November,2017-11-09,78
649,2017,November,2017-11-10,89
650,2017,November,2017-11-11,97
651,2017,November,2017-11-12,95
652,2017,November,2017-11-13,106
653,2017,November,2017-11-14,80
654,2017,November,2017-11-15,92
655,2017,November,2017-11-16,80
656,2017,November,2017-11-17,99
657,2017,November,2017-11-18,105
658,2017,November,2017-11-19,103
659,2017,November,2017-11-20,83
660,2017,November,2017-11-21,94
661,2017,November,2017-11-22,88
662,2017,November,2017-11-23,84
663,2017,November,2017-11-24,108
664,2017,November,2017-11-25,98
665,2017,November,2017-11-26,76
666,2017,November,2017-11-27,77
667,2017,November,2017-11-28,88
668,2017,November,2017-11-29,95
669,2017,November,2017-11-30,74
427,2017,December,2017-12-01,120
428,2017,December,2017-12-02,84
429,2017,December,2017-12-03,72
430,2017,December,2017-12-04,89
431,2017,December,2017-12-05,80
432,2017,December,2017-12-06,72
433,2017,December,2017-12-07,87
434,2017,December,2017-12-08,92
435,2017,December,2017-12-09,85
436,2017,December,2017-12-10,81
437,2017,December,2017-12-11,97
438,2017,December,2017-12-12,76
439,2017,December,2017-12-13,81
440,2017,December,2017-12-14,73
441,2017,December,2017-12-15,110
442,2017,December,2017-12-16,81
443,2017,December,2017-12-17,94
444,2017,December,2017-12-18,90
445,2017,December,2017-12-19,59
446,2017,December,2017-12-20,75
447,2017,December,2017-12-21,76
448,2017,December,2017-12-22,78
449,2017,December,2017-12-23,80
450,2017,December,2017-12-24,79
451,2017,December,2017-12-25,53
452,2017,December,2017-12-26,49
453,2017,December,2017-12-27,69
454,2017,December,2017-12-28,63
455,2017,December,2017-12-29,69
456,2017,December,2017-12-30,78
457,2017,December,2017-12-31,69
851,2018,January,2018-01-01,213
852,2018,January,2018-01-02,71
853,2018,January,2018-01-03,62
854,2018,January,2018-01-04,61
855,2018,January,2018-01-05,87
856,2018,January,2018-01-06,76
857,2018,January,2018-01-07,78
858,2018,January,2018-01-08,101
859,2018,January,2018-01-09,82
860,2018,January,2018-01-10,77
861,2018,January,2018-01-11,78
862,2018,January,2018-01-12,86
863,2018,January,2018-01-13,84
864,2018,January,2018-01-14,78
865,2018,January,2018-01-15,80
866,2018,January,2018-01-16,83
867,2018,January,2018-01-17,78
868,2018,January,2018-01-18,88
869,2018,January,2018-01-19,107
870,2018,January,2018-01-20,79
871,2018,January,2018-01-21,94
872,2018,January,2018-01-22,84
873,2018,January,2018-01-23,93
874,2018,January,2018-01-24,87
875,2018,January,2018-01-25,79
876,2018,January,2018-01-26,93
877,2018,January,2018-01-27,88
878,2018,January,2018-01-28,89
879,2018,January,2018-01-29,65
880,2018,January,2018-01-30,85
881,2018,January,2018-01-31,85
823,2018,February,2018-02-01,131
824,2018,February,2018-02-02,80
825,2018,February,2018-02-03,78
826,2018,February,2018-02-04,58
827,2018,February,2018-02-05,78
828,2018,February,2018-02-06,77
829,2018,February,2018-02-07,66
830,2018,February,2018-02-08,56
831,2018,February,2018-02-09,101
832,2018,February,2018-02-10,71
833,2018,February,2018-02-11,68
834,2018,February,2018-02-12,95
835,2018,February,2018-02-13,57
836,2018,February,2018-02-14,102
837,2018,February,2018-02-15,86
838,2018,February,2018-02-16,91
839,2018,February,2018-02-17,87
840,2018,February,2018-02-18,83
841,2018,February,2018-02-19,64
842,2018,February,2018-02-20,82
843,2018,February,2018-02-21,112
844,2018,February,2018-02-22,86
845,2018,February,2018-02-23,103
846,2018,February,2018-02-24,79
847,2018,February,2018-02-25,77
848,2018,February,2018-02-26,73
849,2018,February,2018-02-27,89
850,2018,February,2018-02-28,79
943,2018,March,2018-03-01,140
944,2018,March,2018-03-02,86
945,2018,March,2018-03-03,79
946,2018,March,2018-03-04,63
947,2018,March,2018-03-05,87
948,2018,March,2018-03-06,95
949,2018,March,2018-03-07,75
950,2018,March,2018-03-08,101
951,2018,March,2018-03-09,85
952,2018,March,2018-03-10,88
953,2018,March,2018-03-11,76
954,2018,March,2018-03-12,103
955,2018,March,2018-03-13,93
956,2018,March,2018-03-14,82
957,2018,March,2018-03-15,86
958,2018,March,2018-03-16,92
959,2018,March,2018-03-17,98
960,2018,March,2018-03-18,103
961,2018,March,2018-03-19,75
962,2018,March,2018-03-20,78
963,2018,March,2018-03-21,84
964,2018,March,2018-03-22,71
965,2018,March,2018-03-23,75
966,2018,March,2018-03-24,64
967,2018,March,2018-03-25,80
968,2018,March,2018-03-26,75
969,2018,March,2018-03-27,83
970,2018,March,2018-03-28,67
971,2018,March,2018-03-29,85
972,2018,March,2018-03-30,76
973,2018,March,2018-03-31,87
731,2018,April,2018-04-01,125
732,2018,April,2018-04-02,70
733,2018,April,2018-04-03,79
734,2018,April,2018-04-04,74
735,2018,April,2018-04-05,87
736,2018,April,2018-04-06,71
737,2018,April,2018-04-07,85
738,2018,April,2018-04-08,78
739,2018,April,2018-04-09,76
740,2018,April,2018-04-10,59
741,2018,April,2018-04-11,89
742,2018,April,2018-04-12,93
743,2018,April,2018-04-13,88
744,2018,April,2018-04-14,61
745,2018,April,2018-04-15,53
746,2018,April,2018-04-16,69
747,2018,April,2018-04-17,68
748,2018,April,2018-04-18,75
749,2018,April,2018-04-19,82
750,2018,April,2018-04-20,93
751,2018,April,2018-04-21,85
752,2018,April,2018-04-22,76
753,2018,April,2018-04-23,70
754,2018,April,2018-04-24,74
755,2018,April,2018-04-25,79
756,2018,April,2018-04-26,103
757,2018,April,2018-04-27,105
758,2018,April,2018-04-28,84
759,2018,April,2018-04-29,81
760,2018,April,2018-04-30,76
974,2018,May,2018-05-01,131
975,2018,May,2018-05-02,85
976,2018,May,2018-05-03,91
977,2018,May,2018-05-04,77
978,2018,May,2018-05-05,77
979,2018,May,2018-05-06,80
980,2018,May,2018-05-07,101
981,2018,May,2018-05-08,80
982,2018,May,2018-05-09,86
983,2018,May,2018-05-10,100
984,2018,May,2018-05-11,96
985,2018,May,2018-05-12,93
986,2018,May,2018-05-13,91
987,2018,May,2018-05-14,74
988,2018,May,2018-05-15,68
989,2018,May,2018-05-16,99
990,2018,May,2018-05-17,96
991,2018,May,2018-05-18,105
992,2018,May,2018-05-19,86
993,2018,May,2018-05-20,94
994,2018,May,2018-05-21,105
995,2018,May,2018-05-22,103
996,2018,May,2018-05-23,94
997,2018,May,2018-05-24,85
998,2018,May,2018-05-25,108
999,2018,May,2018-05-26,89
1000,2018,May,2018-05-27,76
1001,2018,May,2018-05-28,85
1002,2018,May,2018-05-29,92
1003,2018,May,2018-05-30,89
1004,2018,May,2018-05-31,79
913,2018,June,2018-06-01,157
914,2018,June,2018-06-02,89
915,2018,June,2018-06-03,83
916,2018,June,2018-06-04,77
917,2018,June,2018-06-05,79
918,2018,June,2018-06-06,100
919,2018,June,2018-06-07,101
920,2018,June,2018-06-08,112
921,2018,June,2018-06-09,99
922,2018,June,2018-06-10,88
923,2018,June,2018-06-11,98
924,2018,June,2018-06-12,73
925,2018,June,2018-06-13,105
926,2018,June,2018-06-14,89
927,2018,June,2018-06-15,105
928,2018,June,2018-06-16,79
929,2018,June,2018-06-17,97
930,2018,June,2018-06-18,92
931,2018,June,2018-06-19,90
932,2018,June,2018-06-20,74
933,2018,June,2018-06-21,85
934,2018,June,2018-06-22,99
935,2018,June,2018-06-23,82
936,2018,June,2018-06-24,81
937,2018,June,2018-06-25,78
938,2018,June,2018-06-26,81
939,2018,June,2018-06-27,78
940,2018,June,2018-06-28,100
941,2018,June,2018-06-29,92
942,2018,June,2018-06-30,90
882,2018,July,2018-07-01,146
883,2018,July,2018-07-02,72
884,2018,July,2018-07-03,93
885,2018,July,2018-07-04,86
886,2018,July,2018-07-05,92
887,2018,July,2018-07-06,89
888,2018,July,2018-07-07,78
889,2018,July,2018-07-08,80
890,2018,July,2018-07-09,80
891,2018,July,2018-07-10,87
892,2018,July,2018-07-11,73
893,2018,July,2018-07-12,86
894,2018,July,2018-07-13,99
895,2018,July,2018-07-14,95
896,2018,July,2018-07-15,94
897,2018,July,2018-07-16,88
898,2018,July,2018-07-17,85
899,2018,July,2018-07-18,97
900,2018,July,2018-07-19,83
901,2018,July,2018-07-20,77
902,2018,July,2018-07-21,80
903,2018,July,2018-07-22,71
904,2018,July,2018-07-23,77
905,2018,July,2018-07-24,85
906,2018,July,2018-07-25,65
907,2018,July,2018-07-26,71
908,2018,July,2018-07-27,89
909,2018,July,2018-07-28,78
910,2018,July,2018-07-29,81
911,2018,July,2018-07-30,79
912,2018,July,2018-07-31,76
761,2018,August,2018-08-01,148
762,2018,August,2018-08-02,85
763,2018,August,2018-08-03,87
764,2018,August,2018-08-04,92
765,2018,August,2018-08-05,92
766,2018,August,2018-08-06,71
767,2018,August,2018-08-07,73
768,2018,August,2018-08-08,90
769,2018,August,2018-08-09,90
770,2018,August,2018-08-10,69
771,2018,August,2018-08-11,93
772,2018,August,2018-08-12,100
773,2018,August,2018-08-13,83
774,2018,August,2018-08-14,100
775,2018,August,2018-08-15,89
776,2018,August,2018-08-16,89
777,2018,August,2018-08-17,93
778,2018,August,2018-08-18,106
779,2018,August,2018-08-19,110
780,2018,August,2018-08-20,100
781,2018,August,2018-08-21,88
782,2018,August,2018-08-22,75
783,2018,August,2018-08-23,90
784,2018,August,2018-08-24,93
785,2018,August,2018-08-25,75
786,2018,August,2018-08-26,85
787,2018,August,2018-08-27,88
788,2018,August,2018-08-28,91
789,2018,August,2018-08-29,73
790,2018,August,2018-08-30,93
791,2018,August,2018-08-31,86
1066,2018,September,2018-09-01,153
1067,2018,September,2018-09-02,86
1068,2018,September,2018-09-03,79
1069,2018,September,2018-09-04,100
1070,2018,September,2018-09-05,80
1071,2018,September,2018-09-06,89
1072,2018,September,2018-09-07,79
1073,2018,September,2018-09-08,93
1074,2018,September,2018-09-09,61
1075,2018,September,2018-09-10,87
1076,2018,September,2018-09-11,71
1077,2018,September,2018-09-12,89
1078,2018,September,2018-09-13,84
1079,2018,September,2018-09-14,100
1080,2018,September,2018-09-15,90
1081,2018,September,2018-09-16,99
1082,2018,September,2018-09-17,100
1083,2018,September,2018-09-18,98
1084,2018,September,2018-09-19,97
1085,2018,September,2018-09-20,87
1086,2018,September,2018-09-21,86
1087,2018,September,2018-09-22,78
1088,2018,September,2018-09-23,88
1089,2018,September,2018-09-24,84
1090,2018,September,2018-09-25,83
1091,2018,September,2018-09-26,91
1092,2018,September,2018-09-27,73
1093,2018,September,2018-09-28,69
1094,2018,September,2018-09-29,82
1095,2018,September,2018-09-30,99
1035,2018,October,2018-10-01,126
1036,2018,October,2018-10-02,67
1037,2018,October,2018-10-03,89
1038,2018,October,2018-10-04,92
1039,2018,October,2018-10-05,78
1040,2018,October,2018-10-06,86
1041,2018,October,2018-10-07,69
1042,2018,October,2018-10-08,74
1043,2018,October,2018-10-09,88
1044,2018,October,2018-10-10,93
1045,2018,October,2018-10-11,91
1046,2018,October,2018-10-12,95
1047,2018,October,2018-10-13,85
1048,2018,October,2018-10-14,89
1049,2018,October,2018-10-15,111
1050,2018,October,2018-10-16,84
1051,2018,October,2018-10-17,104
1052,2018,October,2018-10-18,87
1053,2018,October,2018-10-19,104
1054,2018,October,2018-10-20,103
1055,2018,October,2018-10-21,82
1056,2018,October,2018-10-22,90
1057,2018,October,2018-10-23,88
1058,2018,October,2018-10-24,119
1059,2018,October,2018-10-25,102
1060,2018,October,2018-10-26,112
1061,2018,October,2018-10-27,83
1062,2018,October,2018-10-28,84
1063,2018,October,2018-10-29,85
1064,2018,October,2018-10-30,95
1065,2018,October,2018-10-31,112
1005,2018,November,2018-11-01,138
1006,2018,November,2018-11-02,103
1007,2018,November,2018-11-03,82
1008,2018,November,2018-11-04,90
1009,2018,November,2018-11-05,80
1010,2018,November,2018-11-06,97
1011,2018,November,2018-11-07,89
1012,2018,November,2018-11-08,85
1013,2018,November,2018-11-09,117
1014,2018,November,2018-11-10,114
1015,2018,November,2018-11-11,90
1016,2018,November,2018-11-12,85
1017,2018,November,2018-11-13,62
1018,2018,November,2018-11-14,86
1019,2018,November,2018-11-15,88
1020,2018,November,2018-11-16,93
1021,2018,November,2018-11-17,97
1022,2018,November,2018-11-18,88
1023,2018,November,2018-11-19,84
1024,2018,November,2018-11-20,113
1025,2018,November,2018-11-21,89
1026,2018,November,2018-11-22,93
1027,2018,November,2018-11-23,110
1028,2018,November,2018-11-24,80
1029,2018,November,2018-11-25,95
1030,2018,November,2018-11-26,99
1031,2018,November,2018-11-27,96
1032,2018,November,2018-11-28,104
1033,2018,November,2018-11-29,86
1034,2018,November,2018-11-30,89
792,2018,December,2018-12-01,150
793,2018,December,2018-12-02,75
794,2018,December,2018-12-03,101
795,2018,December,2018-12-04,100
796,2018,December,2018-12-05,87
797,2018,December,2018-12-06,91
798,2018,December,2018-12-07,87
799,2018,December,2018-12-08,116
800,2018,December,2018-12-09,77
801,2018,December,2018-12-10,93
802,2018,December,2018-12-11,87
803,2018,December,2018-12-12,86
804,2018,December,2018-12-13,85
805,2018,December,2018-12-14,89
806,2018,December,2018-12-15,86
807,2018,December,2018-12-16,94
808,2018,December,2018-12-17,86
809,2018,December,2018-12-18,94
810,2018,December,2018-12-19,80
811,2018,December,2018-12-20,92
812,2018,December,2018-12-21,90
813,2018,December,2018-12-22,88
814,2018,December,2018-12-23,98
815,2018,December,2018-12-24,82
816,2018,December,2018-12-25,80
817,2018,December,2018-12-26,80
818,2018,December,2018-12-27,74
819,2018,December,2018-12-28,80
820,2018,December,2018-12-29,82
821,2018,December,2018-12-30,82
822,2018,December,2018-12-31,87
1216,2019,January,2019-01-01,209
1217,2019,January,2019-01-02,77
1218,2019,January,2019-01-03,74
1219,2019,January,2019-01-04,86
1220,2019,January,2019-01-05,90
1221,2019,January,2019-01-06,75
1222,2019,January,2019-01-07,91
1223,2019,January,2019-01-08,105
1224,2019,January,2019-01-09,95
1225,2019,January,2019-01-10,77
1226,2019,January,2019-01-11,94
1227,2019,January,2019-01-12,92
1228,2019,January,2019-01-13,74
1229,2019,January,2019-01-14,100
1230,2019,January,2019-01-15,94
1231,2019,January,2019-01-16,81
1232,2019,January,2019-01-17,85
1233,2019,January,2019-01-18,96
1234,2019,January,2019-01-19,77
1235,2019,January,2019-01-20,54
1236,2019,January,2019-01-21,60
1237,2019,January,2019-01-22,79
1238,2019,January,2019-01-23,94
1239,2019,January,2019-01-24,103
1240,2019,January,2019-01-25,83
1241,2019,January,2019-01-26,75
1242,2019,January,2019-01-27,73
1243,2019,January,2019-01-28,79
1244,2019,January,2019-01-29,77
1245,2019,January,2019-01-30,68
1246,2019,January,2019-01-31,83
1188,2019,February,2019-02-01,138
1189,2019,February,2019-02-02,75
1190,2019,February,2019-02-03,81
1191,2019,February,2019-02-04,101
1192,2019,February,2019-02-05,72
1193,2019,February,2019-02-06,71
1194,2019,February,2019-02-07,101
1195,2019,February,2019-02-08,97
1196,2019,February,2019-02-09,64
1197,2019,February,2019-02-10,70
1198,2019,February,2019-02-11,85
1199,2019,February,2019-02-12,72
1200,2019,February,2019-02-13,71
1201,2019,February,2019-02-14,105
1202,2019,February,2019-02-15,94
1203,2019,February,2019-02-16,95
1204,2019,February,2019-02-17,77
1205,2019,February,2019-02-18,89
1206,2019,February,2019-02-19,83
1207,2019,February,2019-02-20,95
1208,2019,February,2019-02-21,79
1209,2019,February,2019-02-22,92
1210,2019,February,2019-02-23,75
1211,2019,February,2019-02-24,78
1212,2019,February,2019-02-25,92
1213,2019,February,2019-02-26,80
1214,2019,February,2019-02-27,64
1215,2019,February,2019-02-28,87
1308,2019,March,2019-03-01,148
1309,2019,March,2019-03-02,96
1310,2019,March,2019-03-03,82
1311,2019,March,2019-03-04,76
1312,2019,March,2019-03-05,61
1313,2019,March,2019-03-06,78
1314,2019,March,2019-03-07,75
1315,2019,March,2019-03-08,91
1316,2019,March,2019-03-09,89
1317,2019,March,2019-03-10,98
1318,2019,March,2019-03-11,79
1319,2019,March,2019-03-12,76
1320,2019,March,2019-03-13,72
1321,2019,March,2019-03-14,78
1322,2019,March,2019-03-15,80
1323,2019,March,2019-03-16,93
1324,2019,March,2019-03-17,78
1325,2019,March,2019-03-18,93
1326,2019,March,2019-03-19,82
1327,2019,March,2019-03-20,93
1328,2019,March,2019-03-21,74
1329,2019,March,2019-03-22,76
1330,2019,March,2019-03-23,83
1331,2019,March,2019-03-24,85
1332,2019,March,2019-03-25,89
1333,2019,March,2019-03-26,68
1334,2019,March,2019-03-27,101
1335,2019,March,2019-03-28,82
1336,2019,March,2019-03-29,95
1337,2019,March,2019-03-30,86
1338,2019,March,2019-03-31,81
1096,2019,April,2019-04-01,139
1097,2019,April,2019-04-02,89
1098,2019,April,2019-04-03,74
1099,2019,April,2019-04-04,109
1100,2019,April,2019-04-05,84
1101,2019,April,2019-04-06,95
1102,2019,April,2019-04-07,84
1103,2019,April,2019-04-08,89
1104,2019,April,2019-04-09,94
1105,2019,April,2019-04-10,85
1106,2019,April,2019-04-11,86
1107,2019,April,2019-04-12,70
1108,2019,April,2019-04-13,88
1109,2019,April,2019-04-14,86
1110,2019,April,2019-04-15,100
1111,2019,April,2019-04-16,73
1112,2019,April,2019-04-17,97
1113,2019,April,2019-04-18,107
1114,2019,April,2019-04-19,95
1115,2019,April,2019-04-20,83
1116,2019,April,2019-04-21,91
1117,2019,April,2019-04-22,74
1118,2019,April,2019-04-23,76
1119,2019,April,2019-04-24,93
1120,2019,April,2019-04-25,90
1121,2019,April,2019-04-26,87
1122,2019,April,2019-04-27,83
1123,2019,April,2019-04-28,88
1124,2019,April,2019-04-29,104
1125,2019,April,2019-04-30,86
1339,2019,May,2019-05-01,132
1340,2019,May,2019-05-02,92
1341,2019,May,2019-05-03,104
1342,2019,May,2019-05-04,86
1343,2019,May,2019-05-05,98
1344,2019,May,2019-05-06,109
1345,2019,May,2019-05-07,84
1346,2019,May,2019-05-08,106
1347,2019,May,2019-05-09,84
1348,2019,May,2019-05-10,124
1349,2019,May,2019-05-11,90
1350,2019,May,2019-05-12,81
1351,2019,May,2019-05-13,88
1352,2019,May,2019-05-14,89
1353,2019,May,2019-05-15,75
1354,2019,May,2019-05-16,76
1355,2019,May,2019-05-17,106
1356,2019,May,2019-05-18,79
1357,2019,May,2019-05-19,84
1358,2019,May,2019-05-20,88
1359,2019,May,2019-05-21,94
1360,2019,May,2019-05-22,94
1361,2019,May,2019-05-23,97
1362,2019,May,2019-05-24,95
1363,2019,May,2019-05-25,92
1364,2019,May,2019-05-26,100
1365,2019,May,2019-05-27,95
1366,2019,May,2019-05-28,90
1367,2019,May,2019-05-29,97
1368,2019,May,2019-05-30,75
1369,2019,May,2019-05-31,94
1278,2019,June,2019-06-01,143
1279,2019,June,2019-06-02,90
1280,2019,June,2019-06-03,82
1281,2019,June,2019-06-04,88
1282,2019,June,2019-06-05,65
1283,2019,June,2019-06-06,101
1284,2019,June,2019-06-07,106
1285,2019,June,2019-06-08,99
1286,2019,June,2019-06-09,99
1287,2019,June,2019-06-10,101
1288,2019,June,2019-06-11,112
1289,2019,June,2019-06-12,95
1290,2019,June,2019-06-13,86
1291,2019,June,2019-06-14,103
1292,2019,June,2019-06-15,87
1293,2019,June,2019-06-16,108
1294,2019,June,2019-06-17,107
1295,2019,June,2019-06-18,85
1296,2019,June,2019-06-19,97
1297,2019,June,2019-06-20,115
1298,2019,June,2019-06-21,96
1299,2019,June,2019-06-22,117
1300,2019,June,2019-06-23,106
1301,2019,June,2019-06-24,102
1302,2019,June,2019-06-25,114
1303,2019,June,2019-06-26,108
1304,2019,June,2019-06-27,114
1305,2019,June,2019-06-28,107
1306,2019,June,2019-06-29,90
1307,2019,June,2019-06-30,107
1247,2019,July,2019-07-01,168
1248,2019,July,2019-07-02,98
1249,2019,July,2019-07-03,94
1250,2019,July,2019-07-04,92
1251,2019,July,2019-07-05,124
1252,2019,July,2019-07-06,102
1253,2019,July,2019-07-07,105
1254,2019,July,2019-07-08,96
1255,2019,July,2019-07-09,97
1256,2019,July,2019-07-10,98
1257,2019,July,2019-07-11,93
1258,2019,July,2019-07-12,105
1259,2019,July,2019-07-13,80
1260,2019,July,2019-07-14,123
1261,2019,July,2019-07-15,106
1262,2019,July,2019-07-16,82
1263,2019,July,2019-07-17,91
1264,2019,July,2019-07-18,111
1265,2019,July,2019-07-19,100
1266,2019,July,2019-07-20,122
1267,2019,July,2019-07-21,119
1268,2019,July,2019-07-22,109
1269,2019,July,2019-07-23,115
1270,2019,July,2019-07-24,100
1271,2019,July,2019-07-25,114
1272,2019,July,2019-07-26,105
1273,2019,July,2019-07-27,92
1274,2019,July,2019-07-28,103
1275,2019,July,2019-07-29,106
1276,2019,July,2019-07-30,93
1277,2019,July,2019-07-31,80
1126,2019,August,2019-08-01,141
1127,2019,August,2019-08-02,100
1128,2019,August,2019-08-03,104
1129,2019,August,2019-08-04,92
1130,2019,August,2019-08-05,94
1131,2019,August,2019-08-06,89
1132,2019,August,2019-08-07,92
1133,2019,August,2019-08-08,81
1134,2019,August,2019-08-09,109
1135,2019,August,2019-08-10,104
1136,2019,August,2019-08-11,93
1137,2019,August,2019-08-12,95
1138,2019,August,2019-08-13,85
1139,2019,August,2019-08-14,82
1140,2019,August,2019-08-15,87
1141,2019,August,2019-08-16,123
1142,2019,August,2019-08-17,100
1143,2019,August,2019-08-18,101
1144,2019,August,2019-08-19,102
1145,2019,August,2019-08-20,83
1146,2019,August,2019-08-21,84
1147,2019,August,2019-08-22,97
1148,2019,August,2019-08-23,95
1149,2019,August,2019-08-24,71
1150,2019,August,2019-08-25,97
1151,2019,August,2019-08-26,80
1152,2019,August,2019-08-27,93
1153,2019,August,2019-08-28,88
1154,2019,August,2019-08-29,87
1155,2019,August,2019-08-30,88
1156,2019,August,2019-08-31,98
1431,2019,September,2019-09-01,143
1432,2019,September,2019-09-02,81
1433,2019,September,2019-09-03,90
1434,2019,September,2019-09-04,80
1435,2019,September,2019-09-05,88
1436,2019,September,2019-09-06,101
1437,2019,September,2019-09-07,102
1438,2019,September,2019-09-08,79
1439,2019,September,2019-09-09,88
1440,2019,September,2019-09-10,107
1441,2019,September,2019-09-11,93
1442,2019,September,2019-09-12,98
1443,2019,September,2019-09-13,114
1444,2019,September,2019-09-14,78
1445,2019,September,2019-09-15,101
1446,2019,September,2019-09-16,93
1447,2019,September,2019-09-17,98
1448,2019,September,2019-09-18,91
1449,2019,September,2019-09-19,103
1450,2019,September,2019-09-20,110
1451,2019,September,2019-09-21,100
1452,2019,September,2019-09-22,82
1453,2019,September,2019-09-23,97
1454,2019,September,2019-09-24,79
1455,2019,September,2019-09-25,98
1456,2019,September,2019-09-26,94
1457,2019,September,2019-09-27,107
1458,2019,September,2019-09-28,93
1459,2019,September,2019-09-29,79
1460,2019,September,2019-09-30,114
1400,2019,October,2019-10-01,126
1401,2019,October,2019-10-02,87
1402,2019,October,2019-10-03,93
1403,2019,October,2019-10-04,104
1404,2019,October,2019-10-05,114
1405,2019,October,2019-10-06,99
1406,2019,October,2019-10-07,86
1407,2019,October,2019-10-08,75
1408,2019,October,2019-10-09,99
1409,2019,October,2019-10-10,114
1410,2019,October,2019-10-11,106
1411,2019,October,2019-10-12,97
1412,2019,October,2019-10-13,83
1413,2019,October,2019-10-14,97
1414,2019,October,2019-10-15,89
1415,2019,October,2019-10-16,101
1416,2019,October,2019-10-17,89
1417,2019,October,2019-10-18,110
1418,2019,October,2019-10-19,94
1419,2019,October,2019-10-20,92
1420,2019,October,2019-10-21,112
1421,2019,October,2019-10-22,105
1422,2019,October,2019-10-23,113
1423,2019,October,2019-10-24,89
1424,2019,October,2019-10-25,103
1425,2019,October,2019-10-26,112
1426,2019,October,2019-10-27,83
1427,2019,October,2019-10-28,101
1428,2019,October,2019-10-29,100
1429,2019,October,2019-10-30,106
1430,2019,October,2019-10-31,99
1370,2019,November,2019-11-01,166
1371,2019,November,2019-11-02,83
1372,2019,November,2019-11-03,84
1373,2019,November,2019-11-04,101
1374,2019,November,2019-11-05,84
1375,2019,November,2019-11-06,103
1376,2019,November,2019-11-07,97
1377,2019,November,2019-11-08,99
1378,2019,November,2019-11-09,90
1379,2019,November,2019-11-10,81
1380,2019,November,2019-11-11,90
1381,2019,November,2019-11-12,75
1382,2019,November,2019-11-13,85
1383,2019,November,2019-11-14,103
1384,2019,November,2019-11-15,105
1385,2019,November,2019-11-16,90
1386,2019,November,2019-11-17,100
1387,2019,November,2019-11-18,120
1388,2019,November,2019-11-19,81
1389,2019,November,2019-11-20,93
1390,2019,November,2019-11-21,104
1391,2019,November,2019-11-22,115
1392,2019,November,2019-11-23,99
1393,2019,November,2019-11-24,88
1394,2019,November,2019-11-25,109
1395,2019,November,2019-11-26,99
1396,2019,November,2019-11-27,103
1397,2019,November,2019-11-28,84
1398,2019,November,2019-11-29,103
1399,2019,November,2019-11-30,102
1157,2019,December,2019-12-01,126
1158,2019,December,2019-12-02,63
1159,2019,December,2019-12-03,91
1160,2019,December,2019-12-04,109
1161,2019,December,2019-12-05,77
1162,2019,December,2019-12-06,98
1163,2019,December,2019-12-07,97
1164,2019,December,2019-12-08,98
1165,2019,December,2019-12-09,93
1166,2019,December,2019-12-10,88
1167,2019,December,2019-12-11,90
1168,2019,December,2019-12-12,84
1169,2019,December,2019-12-13,113
1170,2019,December,2019-12-14,85
1171,2019,December,2019-12-15,93
1172,2019,December,2019-12-16,89
1173,2019,December,2019-12-17,82
1174,2019,December,2019-12-18,88
1175,2019,December,2019-12-19,84
1176,2019,December,2019-12-20,93
1177,2019,December,2019-12-21,85
1178,2019,December,2019-12-22,75
1179,2019,December,2019-12-23,84
1180,2019,December,2019-12-24,84
1181,2019,December,2019-12-25,68
1182,2019,December,2019-12-26,77
1183,2019,December,2019-12-27,89
1184,2019,December,2019-12-28,103
1185,2019,December,2019-12-29,85
1186,2019,December,2019-12-30,66
1187,2019,December,2019-12-31,88
1582,2020,January,2020-01-01,199
1583,2020,January,2020-01-02,83
1584,2020,January,2020-01-03,87
1585,2020,January,2020-01-04,100
1586,2020,January,2020-01-05,84
1587,2020,January,2020-01-06,77
1588,2020,January,2020-01-07,86
1589,2020,January,2020-01-08,90
1590,2020,January,2020-01-09,77
1591,2020,January,2020-01-10,110
1592,2020,January,2020-01-11,92
1593,2020,January,2020-01-12,64
1594,2020,January,2020-01-13,74
1595,2020,January,2020-01-14,81
1596,2020,January,2020-01-15,95
1597,2020,January,2020-01-16,100
1598,2020,January,2020-01-17,98
1599,2020,January,2020-01-18,82
1600,2020,January,2020-01-19,66
1601,2020,January,2020-01-20,93
1602,2020,January,2020-01-21,69
1603,2020,January,2020-01-22,95
1604,2020,January,2020-01-23,81
1605,2020,January,2020-01-24,110
1606,2020,January,2020-01-25,91
1607,2020,January,2020-01-26,89
1608,2020,January,2020-01-27,83
1609,2020,January,2020-01-28,74
1610,2020,January,2020-01-29,85
1611,2020,January,2020-01-30,75
1612,2020,January,2020-01-31,85
1553,2020,February,2020-02-01,110
1554,2020,February,2020-02-02,81
1555,2020,February,2020-02-03,71
1556,2020,February,2020-02-04,90
1557,2020,February,2020-02-05,95
1558,2020,February,2020-02-06,92
1559,2020,February,2020-02-07,83
1560,2020,February,2020-02-08,83
1561,2020,February,2020-02-09,87
1562,2020,February,2020-02-10,84
1563,2020,February,2020-02-11,88
1564,2020,February,2020-02-12,107
1565,2020,February,2020-02-13,83
1566,2020,February,2020-02-14,100
1567,2020,February,2020-02-15,84
1568,2020,February,2020-02-16,81
1569,2020,February,2020-02-17,83
1570,2020,February,2020-02-18,88
1571,2020,February,2020-02-19,86
1572,2020,February,2020-02-20,93
1573,2020,February,2020-02-21,82
1574,2020,February,2020-02-22,84
1575,2020,February,2020-02-23,91
1576,2020,February,2020-02-24,88
1577,2020,February,2020-02-25,96
1578,2020,February,2020-02-26,106
1579,2020,February,2020-02-27,88
1580,2020,February,2020-02-28,105
1581,2020,February,2020-02-29,91
1674,2020,March,2020-03-01,123
1675,2020,March,2020-03-02,89
1676,2020,March,2020-03-03,93
1677,2020,March,2020-03-04,81
1678,2020,March,2020-03-05,107
1679,2020,March,2020-03-06,94
1680,2020,March,2020-03-07,103
1681,2020,March,2020-03-08,98
1682,2020,March,2020-03-09,98
1683,2020,March,2020-03-10,85
1684,2020,March,2020-03-11,108
1685,2020,March,2020-03-12,81
1686,2020,March,2020-03-13,108
1687,2020,March,2020-03-14,87
1688,2020,March,2020-03-15,110
1689,2020,March,2020-03-16,76
1690,2020,March,2020-03-17,86
1691,2020,March,2020-03-18,90
1692,2020,March,2020-03-19,73
1693,2020,March,2020-03-20,98
1694,2020,March,2020-03-21,68
1695,2020,March,2020-03-22,73
1696,2020,March,2020-03-23,69
1697,2020,March,2020-03-24,92
1698,2020,March,2020-03-25,77
1699,2020,March,2020-03-26,80
1700,2020,March,2020-03-27,85
1701,2020,March,2020-03-28,66
1702,2020,March,2020-03-29,61
1703,2020,March,2020-03-30,82
1704,2020,March,2020-03-31,77
1461,2020,April,2020-04-01,100
1462,2020,April,2020-04-02,65
1463,2020,April,2020-04-03,78
1464,2020,April,2020-04-04,74
1465,2020,April,2020-04-05,80
1466,2020,April,2020-04-06,69
1467,2020,April,2020-04-07,81
1468,2020,April,2020-04-08,67
1469,2020,April,2020-04-09,84
1470,2020,April,2020-04-10,71
1471,2020,April,2020-04-11,76
1472,2020,April,2020-04-12,75
1473,2020,April,2020-04-13,74
1474,2020,April,2020-04-14,72
1475,2020,April,2020-04-15,72
1476,2020,April,2020-04-16,69
1477,2020,April,2020-04-17,74
1478,2020,April,2020-04-18,62
1479,2020,April,2020-04-19,79
1480,2020,April,2020-04-20,67
1481,2020,April,2020-04-21,64
1482,2020,April,2020-04-22,66
1483,2020,April,2020-04-23,64
1484,2020,April,2020-04-24,59
1485,2020,April,2020-04-25,64
1486,2020,April,2020-04-26,55
1487,2020,April,2020-04-27,61
1488,2020,April,2020-04-28,61
1489,2020,April,2020-04-29,55
1490,2020,April,2020-04-30,74
1705,2020,May,2020-05-01,95
1706,2020,May,2020-05-02,65
1707,2020,May,2020-05-03,72
1708,2020,May,2020-05-04,54
1709,2020,May,2020-05-05,57
1710,2020,May,2020-05-06,66
1711,2020,May,2020-05-07,77
1712,2020,May,2020-05-08,70
1713,2020,May,2020-05-09,63
1714,2020,May,2020-05-10,53
1715,2020,May,2020-05-11,61
1716,2020,May,2020-05-12,64
1717,2020,May,2020-05-13,66
1718,2020,May,2020-05-14,62
1719,2020,May,2020-05-15,83
1720,2020,May,2020-05-16,69
1721,2020,May,2020-05-17,88
1722,2020,May,2020-05-18,76
1723,2020,May,2020-05-19,63
1724,2020,May,2020-05-20,71
1725,2020,May,2020-05-21,66
1726,2020,May,2020-05-22,77
1727,2020,May,2020-05-23,85
1728,2020,May,2020-05-24,74
1729,2020,May,2020-05-25,75
1730,2020,May,2020-05-26,79
1731,2020,May,2020-05-27,73
1732,2020,May,2020-05-28,65
1733,2020,May,2020-05-29,60
1734,2020,May,2020-05-30,69
1735,2020,May,2020-05-31,62
1644,2020,June,2020-06-01,124
1645,2020,June,2020-06-02,72
1646,2020,June,2020-06-03,73
1647,2020,June,2020-06-04,78
1648,2020,June,2020-06-05,85
1649,2020,June,2020-06-06,88
1650,2020,June,2020-06-07,75
1651,2020,June,2020-06-08,86
1652,2020,June,2020-06-09,62
1653,2020,June,2020-06-10,79
1654,2020,June,2020-06-11,75
1655,2020,June,2020-06-12,63
1656,2020,June,2020-06-13,73
1657,2020,June,2020-06-14,63
1658,2020,June,2020-06-15,68
1659,2020,June,2020-06-16,81
1660,2020,June,2020-06-17,99
1661,2020,June,2020-06-18,77
1662,2020,June,2020-06-19,77
1663,2020,June,2020-06-20,90
1664,2020,June,2020-06-21,82
1665,2020,June,2020-06-22,78
1666,2020,June,2020-06-23,67
1667,2020,June,2020-06-24,72
1668,2020,June,2020-06-25,77
1669,2020,June,2020-06-26,75
1670,2020,June,2020-06-27,81
1671,2020,June,2020-06-28,81
1672,2020,June,2020-06-29,83
1673,2020,June,2020-06-30,92
1613,2020,July,2020-07-01,147
1614,2020,July,2020-07-02,92
1615,2020,July,2020-07-03,100
1616,2020,July,2020-07-04,91
1617,2020,July,2020-07-05,93
1618,2020,July,2020-07-06,90
1619,2020,July,2020-07-07,77
1620,2020,July,2020-07-08,82
1621,2020,July,2020-07-09,73
1622,2020,July,2020-07-10,85
1623,2020,July,2020-07-11,79
1624,2020,July,2020-07-12,105
1625,2020,July,2020-07-13,63
1626,2020,July,2020-07-14,89
1627,2020,July,2020-07-15,94
1628,2020,July,2020-07-16,97
1629,2020,July,2020-07-17,92
1630,2020,July,2020-07-18,101
1631,2020,July,2020-07-19,80
1632,2020,July,2020-07-20,95
1633,2020,July,2020-07-21,99
1634,2020,July,2020-07-22,85
1635,2020,July,2020-07-23,77
1636,2020,July,2020-07-24,115
1637,2020,July,2020-07-25,97
1638,2020,July,2020-07-26,88
1639,2020,July,2020-07-27,75
1640,2020,July,2020-07-28,82
1641,2020,July,2020-07-29,103
1642,2020,July,2020-07-30,94
1643,2020,July,2020-07-31,88
1491,2020,August,2020-08-01,146
1492,2020,August,2020-08-02,68
1493,2020,August,2020-08-03,78
1494,2020,August,2020-08-04,78
1495,2020,August,2020-08-05,83
1496,2020,August,2020-08-06,83
1497,2020,August,2020-08-07,78
1498,2020,August,2020-08-08,89
1499,2020,August,2020-08-09,79
1500,2020,August,2020-08-10,99
1501,2020,August,2020-08-11,72
1502,2020,August,2020-08-12,95
1503,2020,August,2020-08-13,90
1504,2020,August,2020-08-14,105
1505,2020,August,2020-08-15,98
1506,2020,August,2020-08-16,83
1507,2020,August,2020-08-17,92
1508,2020,August,2020-08-18,77
1509,2020,August,2020-08-19,81
1510,2020,August,2020-08-20,100
1511,2020,August,2020-08-21,92
1512,2020,August,2020-08-22,103
1513,2020,August,2020-08-23,87
1514,2020,August,2020-08-24,83
1515,2020,August,2020-08-25,87
1516,2020,August,2020-08-26,78
1517,2020,August,2020-08-27,90
1518,2020,August,2020-08-28,103
1519,2020,August,2020-08-29,78
1520,2020,August,2020-08-30,92
1521,2020,August,2020-08-31,90
1797,2020,September,2020-09-01,130
1798,2020,September,2020-09-02,82
1799,2020,September,2020-09-03,68
1800,2020,September,2020-09-04,89
1801,2020,September,2020-09-05,81
1802,2020,September,2020-09-06,57
1803,2020,September,2020-09-07,90
1804,2020,September,2020-09-08,76
1805,2020,September,2020-09-09,98
1806,2020,September,2020-09-10,108
1807,2020,September,2020-09-11,65
1808,2020,September,2020-09-12,87
1809,2020,September,2020-09-13,89
1810,2020,September,2020-09-14,60
1811,2020,September,2020-09-15,94
1812,2020,September,2020-09-16,85
1813,2020,September,2020-09-17,98
1814,2020,September,2020-09-18,106
1815,2020,September,2020-09-19,98
1816,2020,September,2020-09-20,90
1817,2020,September,2020-09-21,81
1818,2020,September,2020-09-22,85
1819,2020,September,2020-09-23,89
1820,2020,September,2020-09-24,101
1821,2020,September,2020-09-25,87
1822,2020,September,2020-09-26,102
1823,2020,September,2020-09-27,93
1824,2020,September,2020-09-28,79
1825,2020,September,2020-09-29,96
1826,2020,September,2020-09-30,86
1766,2020,October,2020-10-01,111
1767,2020,October,2020-10-02,90
1768,2020,October,2020-10-03,83
1769,2020,October,2020-10-04,63
1770,2020,October,2020-10-05,71
1771,2020,October,2020-10-06,68
1772,2020,October,2020-10-07,88
1773,2020,October,2020-10-08,79
1774,2020,October,2020-10-09,84
1775,2020,October,2020-10-10,97
1776,2020,October,2020-10-11,72
1777,2020,October,2020-10-12,84
1778,2020,October,2020-10-13,96
1779,2020,October,2020-10-14,72
1780,2020,October,2020-10-15,67
1781,2020,October,2020-10-16,108
1782,2020,October,2020-10-17,85
1783,2020,October,2020-10-18,87
1784,2020,October,2020-10-19,77
1785,2020,October,2020-10-20,87
1786,2020,October,2020-10-21,95
1787,2020,October,2020-10-22,61
1788,2020,October,2020-10-23,87
1789,2020,October,2020-10-24,90
1790,2020,October,2020-10-25,77
1791,2020,October,2020-10-26,77
1792,2020,October,2020-10-27,68
1793,2020,October,2020-10-28,79
1794,2020,October,2020-10-29,69
1795,2020,October,2020-10-30,91
1796,2020,October,2020-10-31,69
1736,2020,November,2020-11-01,105
1737,2020,November,2020-11-02,78
1738,2020,November,2020-11-03,73
1739,2020,November,2020-11-04,87
1740,2020,November,2020-11-05,77
1741,2020,November,2020-11-06,90
1742,2020,November,2020-11-07,94
1743,2020,November,2020-11-08,81
1744,2020,November,2020-11-09,84
1745,2020,November,2020-11-10,57
1746,2020,November,2020-11-11,81
1747,2020,November,2020-11-12,81
1748,2020,November,2020-11-13,79
1749,2020,November,2020-11-14,81
1750,2020,November,2020-11-15,77
1751,2020,November,2020-11-16,65
1752,2020,November,2020-11-17,84
1753,2020,November,2020-11-18,71
1754,2020,November,2020-11-19,68
1755,2020,November,2020-11-20,89
1756,2020,November,2020-11-21,70
1757,2020,November,2020-11-22,71
1758,2020,November,2020-11-23,78
1759,2020,November,2020-11-24,74
1760,2020,November,2020-11-25,101
1761,2020,November,2020-11-26,75
1762,2020,November,2020-11-27,61
1763,2020,November,2020-11-28,60
1764,2020,November,2020-11-29,52
1765,2020,November,2020-11-30,53
1522,2020,December,2020-12-01,105
1523,2020,December,2020-12-02,58
1524,2020,December,2020-12-03,64
1525,2020,December,2020-12-04,91
1526,2020,December,2020-12-05,82
1527,2020,December,2020-12-06,66
1528,2020,December,2020-12-07,65
1529,2020,December,2020-12-08,60
1530,2020,December,2020-12-09,75
1531,2020,December,2020-12-10,59
1532,2020,December,2020-12-11,87
1533,2020,December,2020-12-12,77
1534,2020,December,2020-12-13,84
1535,2020,December,2020-12-14,70
1536,2020,December,2020-12-15,84
1537,2020,December,2020-12-16,78
1538,2020,December,2020-12-17,70
1539,2020,December,2020-12-18,76
1540,2020,December,2020-12-19,65
1541,2020,December,2020-12-20,78
1542,2020,December,2020-12-21,70
1543,2020,December,2020-12-22,67
1544,2020,December,2020-12-23,80
1545,2020,December,2020-12-24,97
1546,2020,December,2020-12-25,82
1547,2020,December,2020-12-26,68
1548,2020,December,2020-12-27,49
1549,2020,December,2020-12-28,66
1550,2020,December,2020-12-29,78
1551,2020,December,2020-12-30,69
1552,2020,December,2020-12-31,83
1947,2021,January,2021-01-01,173
1948,2021,January,2021-01-02,53
1949,2021,January,2021-01-03,58
1950,2021,January,2021-01-04,65
1951,2021,January,2021-01-05,75
1952,2021,January,2021-01-06,88
1953,2021,January,2021-01-07,75
1954,2021,January,2021-01-08,61
1955,2021,January,2021-01-09,81
1956,2021,January,2021-01-10,62
1957,2021,January,2021-01-11,56
1958,2021,January,2021-01-12,68
1959,2021,January,2021-01-13,71
1960,2021,January,2021-01-14,65
1961,2021,January,2021-01-15,68
1962,2021,January,2021-01-16,78
1963,2021,January,2021-01-17,73
1964,2021,January,2021-01-18,81
1965,2021,January,2021-01-19,57
1966,2021,January,2021-01-20,77
1967,2021,January,2021-01-21,86
1968,2021,January,2021-01-22,65
1969,2021,January,2021-01-23,51
1970,2021,January,2021-01-24,71
1971,2021,January,2021-01-25,61
1972,2021,January,2021-01-26,51
1973,2021,January,2021-01-27,59
1974,2021,January,2021-01-28,72
1975,2021,January,2021-01-29,85
1976,2021,January,2021-01-30,68
1977,2021,January,2021-01-31,73
1919,2021,February,2021-02-01,94
1920,2021,February,2021-02-02,68
1921,2021,February,2021-02-03,65
1922,2021,February,2021-02-04,71
1923,2021,February,2021-02-05,64
1924,2021,February,2021-02-06,67
1925,2021,February,2021-02-07,64
1926,2021,February,2021-02-08,63
1927,2021,February,2021-02-09,62
1928,2021,February,2021-02-10,80
1929,2021,February,2021-02-11,53
1930,2021,February,2021-02-12,72
1931,2021,February,2021-02-13,60
1932,2021,February,2021-02-14,80
1933,2021,February,2021-02-15,69
1934,2021,February,2021-02-16,56
1935,2021,February,2021-02-17,66
1936,2021,February,2021-02-18,62
1937,2021,February,2021-02-19,81
1938,2021,February,2021-02-20,64
1939,2021,February,2021-02-21,68
1940,2021,February,2021-02-22,71
1941,2021,February,2021-02-23,54
1942,2021,February,2021-02-24,72
1943,2021,February,2021-02-25,89
1944,2021,February,2021-02-26,66
1945,2021,February,2021-02-27,87
1946,2021,February,2021-02-28,71
2039,2021,March,2021-03-01,93
2040,2021,March,2021-03-02,52
2041,2021,March,2021-03-03,68
2042,2021,March,2021-03-04,63
2043,2021,March,2021-03-05,66
2044,2021,March,2021-03-06,71
2045,2021,March,2021-03-07,79
2046,2021,March,2021-03-08,66
2047,2021,March,2021-03-09,60
2048,2021,March,2021-03-10,77
2049,2021,March,2021-03-11,71
2050,2021,March,2021-03-12,82
2051,2021,March,2021-03-13,74
2052,2021,March,2021-03-14,64
2053,2021,March,2021-03-15,74
2054,2021,March,2021-03-16,73
2055,2021,March,2021-03-17,72
2056,2021,March,2021-03-18,85
2057,2021,March,2021-03-19,67
2058,2021,March,2021-03-20,82
2059,2021,March,2021-03-21,74
2060,2021,March,2021-03-22,57
2061,2021,March,2021-03-23,77
2062,2021,March,2021-03-24,78
2063,2021,March,2021-03-25,79
2064,2021,March,2021-03-26,79
2065,2021,March,2021-03-27,66
2066,2021,March,2021-03-28,69
2067,2021,March,2021-03-29,72
2068,2021,March,2021-03-30,74
2069,2021,March,2021-03-31,84
1827,2021,April,2021-04-01,108
1828,2021,April,2021-04-02,57
1829,2021,April,2021-04-03,67
1830,2021,April,2021-04-04,59
1831,2021,April,2021-04-05,67
1832,2021,April,2021-04-06,65
1833,2021,April,2021-04-07,80
1834,2021,April,2021-04-08,74
1835,2021,April,2021-04-09,77
1836,2021,April,2021-04-10,86
1837,2021,April,2021-04-11,75
1838,2021,April,2021-04-12,68
1839,2021,April,2021-04-13,68
1840,2021,April,2021-04-14,62
1841,2021,April,2021-04-15,80
1842,2021,April,2021-04-16,64
1843,2021,April,2021-04-17,69
1844,2021,April,2021-04-18,69
1845,2021,April,2021-04-19,75
1846,2021,April,2021-04-20,53
1847,2021,April,2021-04-21,83
1848,2021,April,2021-04-22,57
1849,2021,April,2021-04-23,65
1850,2021,April,2021-04-24,74
1851,2021,April,2021-04-25,62
1852,2021,April,2021-04-26,59
1853,2021,April,2021-04-27,61
1854,2021,April,2021-04-28,72
1855,2021,April,2021-04-29,59
1856,2021,April,2021-04-30,86
2070,2021,May,2021-05-01,111
2071,2021,May,2021-05-02,73
2072,2021,May,2021-05-03,69
2073,2021,May,2021-05-04,72
2074,2021,May,2021-05-05,74
2075,2021,May,2021-05-06,64
2076,2021,May,2021-05-07,75
2077,2021,May,2021-05-08,92
2078,2021,May,2021-05-09,75
2079,2021,May,2021-05-10,76
2080,2021,May,2021-05-11,81
2081,2021,May,2021-05-12,90
2082,2021,May,2021-05-13,75
2083,2021,May,2021-05-14,64
2084,2021,May,2021-05-15,81
2085,2021,May,2021-05-16,99
2086,2021,May,2021-05-17,83
2087,2021,May,2021-05-18,111
2088,2021,May,2021-05-19,77
2089,2021,May,2021-05-20,76
2090,2021,May,2021-05-21,98
2091,2021,May,2021-05-22,90
2092,2021,May,2021-05-23,94
2093,2021,May,2021-05-24,97
2094,2021,May,2021-05-25,103
2095,2021,May,2021-05-26,68
2096,2021,May,2021-05-27,77
2097,2021,May,2021-05-28,82
2098,2021,May,2021-05-29,86
2099,2021,May,2021-05-30,81
2100,2021,May,2021-05-31,74
2009,2021,June,2021-06-01,116
2010,2021,June,2021-06-02,92
2011,2021,June,2021-06-03,88
2012,2021,June,2021-06-04,79
2013,2021,June,2021-06-05,83
2014,2021,June,2021-06-06,65
2015,2021,June,2021-06-07,79
2016,2021,June,2021-06-08,79
2017,2021,June,2021-06-09,95
2018,2021,June,2021-06-10,79
2019,2021,June,2021-06-11,77
2020,2021,June,2021-06-12,97
2021,2021,June,2021-06-13,79
2022,2021,June,2021-06-14,74
2023,2021,June,2021-06-15,75
2024,2021,June,2021-06-16,80
2025,2021,June,2021-06-17,84
2026,2021,June,2021-06-18,75
2027,2021,June,2021-06-19,84
2028,2021,June,2021-06-20,90
2029,2021,June,2021-06-21,85
2030,2021,June,2021-06-22,66
2031,2021,June,2021-06-23,91
2032,2021,June,2021-06-24,96
2033,2021,June,2021-06-25,74
2034,2021,June,2021-06-26,102
2035,2021,June,2021-06-27,95
2036,2021,June,2021-06-28,66
2037,2021,June,2021-06-29,94
2038,2021,June,2021-06-30,86
1978,2021,July,2021-07-01,108
1979,2021,July,2021-07-02,92
1980,2021,July,2021-07-03,74
1981,2021,July,2021-07-04,92
1982,2021,July,2021-07-05,85
1983,2021,July,2021-07-06,90
1984,2021,July,2021-07-07,84
1985,2021,July,2021-07-08,63
1986,2021,July,2021-07-09,72
1987,2021,July,2021-07-10,63
1988,2021,July,2021-07-11,67
1989,2021,July,2021-07-12,75
1990,2021,July,2021-07-13,88
1991,2021,July,2021-07-14,93
1992,2021,July,2021-07-15,98
1993,2021,July,2021-07-16,89
1994,2021,July,2021-07-17,80
1995,2021,July,2021-07-18,85
1996,2021,July,2021-07-19,80
1997,2021,July,2021-07-20,80
1998,2021,July,2021-07-21,95
1999,2021,July,2021-07-22,87
2000,2021,July,2021-07-23,76
2001,2021,July,2021-07-24,81
2002,2021,July,2021-07-25,93
2003,2021,July,2021-07-26,84
2004,2021,July,2021-07-27,59
2005,2021,July,2021-07-28,99
2006,2021,July,2021-07-29,70
2007,2021,July,2021-07-30,101
2008,2021,July,2021-07-31,75
1857,2021,August,2021-08-01,115
1858,2021,August,2021-08-02,80
1859,2021,August,2021-08-03,89
1860,2021,August,2021-08-04,88
1861,2021,August,2021-08-05,93
1862,2021,August,2021-08-06,86
1863,2021,August,2021-08-07,96
1864,2021,August,2021-08-08,89
1865,2021,August,2021-08-09,93
1866,2021,August,2021-08-10,61
1867,2021,August,2021-08-11,81
1868,2021,August,2021-08-12,90
1869,2021,August,2021-08-13,84
1870,2021,August,2021-08-14,78
1871,2021,August,2021-08-15,84
1872,2021,August,2021-08-16,92
1873,2021,August,2021-08-17,86
1874,2021,August,2021-08-18,98
1875,2021,August,2021-08-19,89
1876,2021,August,2021-08-20,102
1877,2021,August,2021-08-21,83
1878,2021,August,2021-08-22,95
1879,2021,August,2021-08-23,89
1880,2021,August,2021-08-24,70
1881,2021,August,2021-08-25,93
1882,2021,August,2021-08-26,75
1883,2021,August,2021-08-27,74
1884,2021,August,2021-08-28,95
1885,2021,August,2021-08-29,96
1886,2021,August,2021-08-30,88
1887,2021,August,2021-08-31,81
2162,2021,September,2021-09-01,130
2163,2021,September,2021-09-02,85
2164,2021,September,2021-09-03,88
2165,2021,September,2021-09-04,102
2166,2021,September,2021-09-05,92
2167,2021,September,2021-09-06,85
2168,2021,September,2021-09-07,95
2169,2021,September,2021-09-08,74
2170,2021,September,2021-09-09,100
2171,2021,September,2021-09-10,96
2172,2021,September,2021-09-11,97
2173,2021,September,2021-09-12,86
2174,2021,September,2021-09-13,96
2175,2021,September,2021-09-14,85
2176,2021,September,2021-09-15,92
2177,2021,September,2021-09-16,91
2178,2021,September,2021-09-17,82
2179,2021,September,2021-09-18,100
2180,2021,September,2021-09-19,98
2181,2021,September,2021-09-20,88
2182,2021,September,2021-09-21,105
2183,2021,September,2021-09-22,88
2184,2021,September,2021-09-23,87
2185,2021,September,2021-09-24,87
2186,2021,September,2021-09-25,69
2187,2021,September,2021-09-26,85
2188,2021,September,2021-09-27,93
2189,2021,September,2021-09-28,79
2190,2021,September,2021-09-29,70
2191,2021,September,2021-09-30,93
2131,2021,October,2021-10-01,144
2132,2021,October,2021-10-02,98
2133,2021,October,2021-10-03,97
2134,2021,October,2021-10-04,79
2135,2021,October,2021-10-05,92
2136,2021,October,2021-10-06,88
2137,2021,October,2021-10-07,81
2138,2021,October,2021-10-08,96
2139,2021,October,2021-10-09,110
2140,2021,October,2021-10-10,88
2141,2021,October,2021-10-11,77
2142,2021,October,2021-10-12,104
2143,2021,October,2021-10-13,103
2144,2021,October,2021-10-14,101
2145,2021,October,2021-10-15,101
2146,2021,October,2021-10-16,83
2147,2021,October,2021-10-17,86
2148,2021,October,2021-10-18,79
2149,2021,October,2021-10-19,91
2150,2021,October,2021-10-20,89
2151,2021,October,2021-10-21,102
2152,2021,October,2021-10-22,80
2153,2021,October,2021-10-23,82
2154,2021,October,2021-10-24,87
2155,2021,October,2021-10-25,87
2156,2021,October,2021-10-26,79
2157,2021,October,2021-10-27,104
2158,2021,October,2021-10-28,86
2159,2021,October,2021-10-29,80
2160,2021,October,2021-10-30,93
2161,2021,October,2021-10-31,73
2101,2021,November,2021-11-01,129
2102,2021,November,2021-11-02,71
2103,2021,November,2021-11-03,88
2104,2021,November,2021-11-04,73
2105,2021,November,2021-11-05,89
2106,2021,November,2021-11-06,96
2107,2021,November,2021-11-07,89
2108,2021,November,2021-11-08,84
2109,2021,November,2021-11-09,82
2110,2021,November,2021-11-10,83
2111,2021,November,2021-11-11,98
2112,2021,November,2021-11-12,105
2113,2021,November,2021-11-13,90
2114,2021,November,2021-11-14,68
2115,2021,November,2021-11-15,112
2116,2021,November,2021-11-16,83
2117,2021,November,2021-11-17,63
2118,2021,November,2021-11-18,84
2119,2021,November,2021-11-19,95
2120,2021,November,2021-11-20,110
2121,2021,November,2021-11-21,98
2122,2021,November,2021-11-22,88
2123,2021,November,2021-11-23,99
2124,2021,November,2021-11-24,77
2125,2021,November,2021-11-25,91
2126,2021,November,2021-11-26,76
2127,2021,November,2021-11-27,88
2128,2021,November,2021-11-28,86
2129,2021,November,2021-11-29,62
2130,2021,November,2021-11-30,73
1888,2021,December,2021-12-01,111
1889,2021,December,2021-12-02,88
1890,2021,December,2021-12-03,95
1891,2021,December,2021-12-04,75
1892,2021,December,2021-12-05,81
1893,2021,December,2021-12-06,77
1894,2021,December,2021-12-07,86
1895,2021,December,2021-12-08,76
1896,2021,December,2021-12-09,105
1897,2021,December,2021-12-10,87
1898,2021,December,2021-12-11,74
1899,2021,December,2021-12-12,90
1900,2021,December,2021-12-13,106
1901,2021,December,2021-12-14,100
1902,2021,December,2021-12-15,89
1903,2021,December,2021-12-16,80
1904,2021,December,2021-12-17,112
1905,2021,December,2021-12-18,73
1906,2021,December,2021-12-19,79
1907,2021,December,2021-12-20,77
1908,2021,December,2021-12-21,99
1909,2021,December,2021-12-22,81
1910,2021,December,2021-12-23,85
1911,2021,December,2021-12-24,75
1912,2021,December,2021-12-25,81
1913,2021,December,2021-12-26,68
1914,2021,December,2021-12-27,65
1915,2021,December,2021-12-28,71
1916,2021,December,2021-12-29,71
1917,2021,December,2021-12-30,61
1918,2021,December,2021-12-31,87
2312,2022,January,2022-01-01,136
2313,2022,January,2022-01-02,76
2314,2022,January,2022-01-03,68
2315,2022,January,2022-01-04,77
2316,2022,January,2022-01-05,81
2317,2022,January,2022-01-06,79
2318,2022,January,2022-01-07,73
2319,2022,January,2022-01-08,74
2320,2022,January,2022-01-09,57
2321,2022,January,2022-01-10,73
2322,2022,January,2022-01-11,70
2323,2022,January,2022-01-12,77
2324,2022,January,2022-01-13,71
2325,2022,January,2022-01-14,68
2326,2022,January,2022-01-15,64
2327,2022,January,2022-01-16,71
2328,2022,January,2022-01-17,62
2329,2022,January,2022-01-18,64
2330,2022,January,2022-01-19,74
2331,2022,January,2022-01-20,64
2332,2022,January,2022-01-21,70
2333,2022,January,2022-01-22,82
2334,2022,January,2022-01-23,70
2335,2022,January,2022-01-24,75
2336,2022,January,2022-01-25,77
2337,2022,January,2022-01-26,66
2338,2022,January,2022-01-27,80
2339,2022,January,2022-01-28,82
2340,2022,January,2022-01-29,71
2341,2022,January,2022-01-30,70
2342,2022,January,2022-01-31,84
2284,2022,February,2022-02-01,110
2285,2022,February,2022-02-02,79
2286,2022,February,2022-02-03,86
2287,2022,February,2022-02-04,73
2288,2022,February,2022-02-05,71
2289,2022,February,2022-02-06,81
2290,2022,February,2022-02-07,96
2291,2022,February,2022-02-08,80
2292,2022,February,2022-02-09,86
2293,2022,February,2022-02-10,87
2294,2022,February,2022-02-11,82
2295,2022,February,2022-02-12,84
2296,2022,February,2022-02-13,80
2297,2022,February,2022-02-14,83
2298,2022,February,2022-02-15,67
2299,2022,February,2022-02-16,90
2300,2022,February,2022-02-17,72
2301,2022,February,2022-02-18,73
2302,2022,February,2022-02-19,90
2303,2022,February,2022-02-20,80
2304,2022,February,2022-02-21,71
2305,2022,February,2022-02-22,90
2306,2022,February,2022-02-23,82
2307,2022,February,2022-02-24,96
2308,2022,February,2022-02-25,71
2309,2022,February,2022-02-26,111
2310,2022,February,2022-02-27,83
2311,2022,February,2022-02-28,78
2404,2022,March,2022-03-01,128
2405,2022,March,2022-03-02,88
2406,2022,March,2022-03-03,93
2407,2022,March,2022-03-04,91
2408,2022,March,2022-03-05,84
2409,2022,March,2022-03-06,91
2410,2022,March,2022-03-07,117
2411,2022,March,2022-03-08,97
2412,2022,March,2022-03-09,87
2413,2022,March,2022-03-10,102
2414,2022,March,2022-03-11,98
2415,2022,March,2022-03-12,93
2416,2022,March,2022-03-13,98
2417,2022,March,2022-03-14,102
2418,2022,March,2022-03-15,96
2419,2022,March,2022-03-16,88
2420,2022,March,2022-03-17,104
2421,2022,March,2022-03-18,89
2422,2022,March,2022-03-19,101
2423,2022,March,2022-03-20,103
2424,2022,March,2022-03-21,78
2425,2022,March,2022-03-22,82
2426,2022,March,2022-03-23,84
2427,2022,March,2022-03-24,100
2428,2022,March,2022-03-25,87
2429,2022,March,2022-03-26,96
2430,2022,March,2022-03-27,81
2431,2022,March,2022-03-28,102
2432,2022,March,2022-03-29,86
2433,2022,March,2022-03-30,84
2434,2022,March,2022-03-31,95
2192,2022,April,2022-04-01,136
2193,2022,April,2022-04-02,85
2194,2022,April,2022-04-03,102
2195,2022,April,2022-04-04,112
2196,2022,April,2022-04-05,89
2197,2022,April,2022-04-06,75
2198,2022,April,2022-04-07,84
2199,2022,April,2022-04-08,106
2200,2022,April,2022-04-09,89
2201,2022,April,2022-04-10,103
2202,2022,April,2022-04-11,107
2203,2022,April,2022-04-12,118
2204,2022,April,2022-04-13,91
2205,2022,April,2022-04-14,94
2206,2022,April,2022-04-15,87
2207,2022,April,2022-04-16,95
2208,2022,April,2022-04-17,96
2209,2022,April,2022-04-18,94
2210,2022,April,2022-04-19,92
2211,2022,April,2022-04-20,95
2212,2022,April,2022-04-21,90
2213,2022,April,2022-04-22,93
2214,2022,April,2022-04-23,92
2215,2022,April,2022-04-24,100
2216,2022,April,2022-04-25,113
2217,2022,April,2022-04-26,102
2218,2022,April,2022-04-27,80
2219,2022,April,2022-04-28,104
2220,2022,April,2022-04-29,99
2221,2022,April,2022-04-30,90
2435,2022,May,2022-05-01,127
2436,2022,May,2022-05-02,103
2437,2022,May,2022-05-03,83
2438,2022,May,2022-05-04,97
2439,2022,May,2022-05-05,111
2440,2022,May,2022-05-06,109
2441,2022,May,2022-05-07,102
2442,2022,May,2022-05-08,88
2443,2022,May,2022-05-09,97
2444,2022,May,2022-05-10,103
2445,2022,May,2022-05-11,106
2446,2022,May,2022-05-12,93
2447,2022,May,2022-05-13,101
2448,2022,May,2022-05-14,89
2449,2022,May,2022-05-15,99
2450,2022,May,2022-05-16,110
2451,2022,May,2022-05-17,111
2452,2022,May,2022-05-18,119
2453,2022,May,2022-05-19,113
2454,2022,May,2022-05-20,101
2455,2022,May,2022-05-21,87
2456,2022,May,2022-05-22,99
2457,2022,May,2022-05-23,106
2458,2022,May,2022-05-24,98
2459,2022,May,2022-05-25,94
2460,2022,May,2022-05-26,114
2461,2022,May,2022-05-27,103
2462,2022,May,2022-05-28,101
2463,2022,May,2022-05-29,82
2464,2022,May,2022-05-30,102
2465,2022,May,2022-05-31,107
2374,2022,June,2022-06-01,136
2375,2022,June,2022-06-02,130
2376,2022,June,2022-06-03,101
2377,2022,June,2022-06-04,109
2378,2022,June,2022-06-05,89
2379,2022,June,2022-06-06,105
2380,2022,June,2022-06-07,87
2381,2022,June,2022-06-08,108
2382,2022,June,2022-06-09,105
2383,2022,June,2022-06-10,96
2384,2022,June,2022-06-11,99
2385,2022,June,2022-06-12,92
2386,2022,June,2022-06-13,89
2387,2022,June,2022-06-14,87
2388,2022,June,2022-06-15,102
2389,2022,June,2022-06-16,104
2390,2022,June,2022-06-17,96
2391,2022,June,2022-06-18,92
2392,2022,June,2022-06-19,89
2393,2022,June,2022-06-20,93
2394,2022,June,2022-06-21,113
2395,2022,June,2022-06-22,95
2396,2022,June,2022-06-23,95
2397,2022,June,2022-06-24,112
2398,2022,June,2022-06-25,93
2399,2022,June,2022-06-26,86
2400,2022,June,2022-06-27,99
2401,2022,June,2022-06-28,100
2402,2022,June,2022-06-29,87
2403,2022,June,2022-06-30,94
2343,2022,July,2022-07-01,118
2344,2022,July,2022-07-02,101
2345,2022,July,2022-07-03,102
2346,2022,July,2022-07-04,90
2347,2022,July,2022-07-05,69
2348,2022,July,2022-07-06,90
2349,2022,July,2022-07-07,82
2350,2022,July,2022-07-08,81
2351,2022,July,2022-07-09,116
2352,2022,July,2022-07-10,98
2353,2022,July,2022-07-11,102
2354,2022,July,2022-07-12,97
2355,2022,July,2022-07-13,81
2356,2022,July,2022-07-14,85
2357,2022,July,2022-07-15,96
2358,2022,July,2022-07-16,90
2359,2022,July,2022-07-17,99
2360,2022,July,2022-07-18,98
2361,2022,July,2022-07-19,110
2362,2022,July,2022-07-20,102
2363,2022,July,2022-07-21,89
2364,2022,July,2022-07-22,92
2365,2022,July,2022-07-23,113
2366,2022,July,2022-07-24,90
2367,2022,July,2022-07-25,104
2368,2022,July,2022-07-26,101
2369,2022,July,2022-07-27,113
2370,2022,July,2022-07-28,95
2371,2022,July,2022-07-29,80
2372,2022,July,2022-07-30,99
2373,2022,July,2022-07-31,97
2222,2022,August,2022-08-01,111
2223,2022,August,2022-08-02,108
2224,2022,August,2022-08-03,90
2225,2022,August,2022-08-04,96
2226,2022,August,2022-08-05,85
2227,2022,August,2022-08-06,90
2228,2022,August,2022-08-07,82
2229,2022,August,2022-08-08,101
2230,2022,August,2022-08-09,108
2231,2022,August,2022-08-10,77
2232,2022,August,2022-08-11,113
2233,2022,August,2022-08-12,102
2234,2022,August,2022-08-13,98
2235,2022,August,2022-08-14,97
2236,2022,August,2022-08-15,87
2237,2022,August,2022-08-16,98
2238,2022,August,2022-08-17,85
2239,2022,August,2022-08-18,95
2240,2022,August,2022-08-19,112
2241,2022,August,2022-08-20,111
2242,2022,August,2022-08-21,98
2243,2022,August,2022-08-22,100
2244,2022,August,2022-08-23,103
2245,2022,August,2022-08-24,95
2246,2022,August,2022-08-25,98
2247,2022,August,2022-08-26,88
2248,2022,August,2022-08-27,97
2249,2022,August,2022-08-28,105
2250,2022,August,2022-08-29,91
2251,2022,August,2022-08-30,85
2252,2022,August,2022-08-31,87
2527,2022,September,2022-09-01,107
2528,2022,September,2022-09-02,107
2529,2022,September,2022-09-03,96
2530,2022,September,2022-09-04,86
2531,2022,September,2022-09-05,102
2532,2022,September,2022-09-06,86
2533,2022,September,2022-09-07,84
2534,2022,September,2022-09-08,94
2535,2022,September,2022-09-09,112
2536,2022,September,2022-09-10,93
2537,2022,September,2022-09-11,108
2538,2022,September,2022-09-12,115
2539,2022,September,2022-09-13,93
2540,2022,September,2022-09-14,99
2541,2022,September,2022-09-15,111
2542,2022,September,2022-09-16,112
2543,2022,September,2022-09-17,105
2544,2022,September,2022-09-18,127
2545,2022,September,2022-09-19,105
2546,2022,September,2022-09-20,119
2547,2022,September,2022-09-21,109
2548,2022,September,2022-09-22,113
2549,2022,September,2022-09-23,99
2550,2022,September,2022-09-24,87
2551,2022,September,2022-09-25,84
2552,2022,September,2022-09-26,94
2553,2022,September,2022-09-27,114
2554,2022,September,2022-09-28,99
2555,2022,September,2022-09-29,88
2556,2022,September,2022-09-30,109
2496,2022,October,2022-10-01,110
2497,2022,October,2022-10-02,84
2498,2022,October,2022-10-03,111
2499,2022,October,2022-10-04,97
2500,2022,October,2022-10-05,116
2501,2022,October,2022-10-06,120
2502,2022,October,2022-10-07,98
2503,2022,October,2022-10-08,97
2504,2022,October,2022-10-09,85
2505,2022,October,2022-10-10,97
2506,2022,October,2022-10-11,101
2507,2022,October,2022-10-12,110
2508,2022,October,2022-10-13,98
2509,2022,October,2022-10-14,121
2510,2022,October,2022-10-15,87
2511,2022,October,2022-10-16,105
2512,2022,October,2022-10-17,93
2513,2022,October,2022-10-18,103
2514,2022,October,2022-10-19,114
2515,2022,October,2022-10-20,101
2516,2022,October,2022-10-21,103
2517,2022,October,2022-10-22,85
2518,2022,October,2022-10-23,93
2519,2022,October,2022-10-24,122
2520,2022,October,2022-10-25,108
2521,2022,October,2022-10-26,100
2522,2022,October,2022-10-27,91
2523,2022,October,2022-10-28,116
2524,2022,October,2022-10-29,90
2525,2022,October,2022-10-30,90
2526,2022,October,2022-10-31,120
2466,2022,November,2022-11-01,122
2467,2022,November,2022-11-02,109
2468,2022,November,2022-11-03,116
2469,2022,November,2022-11-04,91
2470,2022,November,2022-11-05,113
2471,2022,November,2022-11-06,95
2472,2022,November,2022-11-07,91
2473,2022,November,2022-11-08,97
2474,2022,November,2022-11-09,103
2475,2022,November,2022-11-10,93
2476,2022,November,2022-11-11,129
2477,2022,November,2022-11-12,96
2478,2022,November,2022-11-13,89
2479,2022,November,2022-11-14,98
2480,2022,November,2022-11-15,97
2481,2022,November,2022-11-16,94
2482,2022,November,2022-11-17,114
2483,2022,November,2022-11-18,108
2484,2022,November,2022-11-19,95
2485,2022,November,2022-11-20,103
2486,2022,November,2022-11-21,93
2487,2022,November,2022-11-22,107
2488,2022,November,2022-11-23,96
2489,2022,November,2022-11-24,92
2490,2022,November,2022-11-25,102
2491,2022,November,2022-11-26,96
2492,2022,November,2022-11-27,101
2493,2022,November,2022-11-28,106
2494,2022,November,2022-11-29,108
2495,2022,November,2022-11-30,113
2253,2022,December,2022-12-01,113
2254,2022,December,2022-12-02,105
2255,2022,December,2022-12-03,93
2256,2022,December,2022-12-04,103
2257,2022,December,2022-12-05,99
2258,2022,December,2022-12-06,95
2259,2022,December,2022-12-07,106
2260,2022,December,2022-12-08,120
2261,2022,December,2022-12-09,106
2262,2022,December,2022-12-10,85
2263,2022,December,2022-12-11,82
2264,2022,December,2022-12-12,106
2265,2022,December,2022-12-13,119
2266,2022,December,2022-12-14,86
2267,2022,December,2022-12-15,89
2268,2022,December,2022-12-16,100
2269,2022,December,2022-12-17,132
2270,2022,December,2022-12-18,102
2271,2022,December,2022-12-19,85
2272,2022,December,2022-12-20,107
2273,2022,December,2022-12-21,89
2274,2022,December,2022-12-22,90
2275,2022,December,2022-12-23,79
2276,2022,December,2022-12-24,92
2277,2022,December,2022-12-25,73
2278,2022,December,2022-12-26,65
2279,2022,December,2022-12-27,82
2280,2022,December,2022-12-28,72
2281,2022,December,2022-12-29,98
2282,2022,December,2022-12-30,79
2283,2022,December,2022-12-31,80
